frame,timestamp,capture_ms,undistort_ms,depth_ms,ground_ms,path_ms,total_ms
0,1780947620.1497018,62.15984799996477,2.2188290000713096,41.061586999944666,2.865529000018796,288.9595990000089,335.10554400004366
1,1780947620.3951273,63.69188199994369,4.275690999975268,40.55608700002722,3.2246120000536393,197.11093199998686,245.167322000043
2,1780947620.4656105,1.1962129999574245,1.7721709999705126,42.819508999969,5.324438000002374,19.99038799999653,69.90650599993842
3,1780947620.7054377,0.7535550000739022,3.155775999971411,42.6063749999912,5.245122000019364,188.477417999934,239.48469099991598
4,1780947620.9804854,52.22137499993096,5.358790999935081,42.2405520000666,11.099145999992288,215.76517899995906,274.46366799995303
5,1780947621.1934028,116.96968899991589,4.966985000010027,40.95785200001956,4.9262989999760975,161.67558699999063,212.5267229999963
6,1780947621.5507975,99.60414199997558,2.4764820000200416,41.672940000012204,5.797430000029635,307.1758769999633,357.1227290000252
7,1780947621.7146518,2.3851100000911174,6.398536000006061,41.95079800001622,4.5295300000134375,110.66441399998439,163.5432780000201
8,1780947621.935737,56.96912500002327,3.58489699999609,42.62494299996433,8.41593399991325,165.92603599997346,220.55180999984714
9,1780947622.1559193,26.589513999965675,2.952420000042366,42.381528999953844,3.9918329999864,170.35480100003042,219.68058300001303
10,1780947622.394971,42.46680300002481,3.566636999948969,40.47316500009401,4.3145799999138035,190.24334499999895,238.59772699995574
11,1780947622.4611676,1.2551030000622632,5.168543999957365,40.24653000010403,6.0936020000781355,14.306234000059703,65.81491000019923
12,1780947622.7142766,131.10512299999755,2.326164000010067,41.86712299997453,6.307070000048043,202.20987699997295,252.71023400000558
13,1780947622.9247406,126.72746800001278,1.8847089999098898,43.757314000004044,3.9163850000250022,160.5908520000412,210.14925999998013
14,1780947623.1359744,117.96040299998367,3.680509999981041,40.92463899996801,4.291708999971888,161.90573200003655,210.8025899999575
15,1780947623.5448148,67.76668499992411,1.965932999951292,40.95307700004014,3.093829000022197,361.693222000099,407.70606100011264
16,1780947623.7717898,73.80424800010132,2.3660539999355024,41.60318499998539,5.769260000079157,176.78282500003206,226.5213240000321
17,1780947623.9700415,110.74412300001768,3.992960999994466,42.84184200002983,5.748444999994717,145.1631270000462,197.7463750000652
18,1780947624.2372484,88.5719949999384,1.5328320000662643,42.15232499996091,7.699209999941559,215.43198400001984,266.8163509999886
19,1780947624.4695516,115.68829199995889,2.013212000065323,42.0130390000395,6.668113000046105,181.10320999994656,231.79757400009748
20,1780947624.6933916,138.49732400001358,1.6756299999087787,41.49887999994917,4.270558999905916,176.116228000069,223.56129699983285
21,1780947624.922638,111.1773009999979,3.061440000010407,41.001369000014165,6.11654500005443,178.71213800003716,228.89149200011616
22,1780947625.1634188,32.662268000080985,4.484842000010758,40.518079999969814,3.923996000025909,191.59359000002496,240.52050800003144
23,1780947625.3911936,35.21986199996263,5.085096000016165,41.26796100001684,4.409191000036117,176.65506499997718,227.4173130000463
24,1780947625.6515954,73.56479500003843,5.294730000059644,41.839269999968565,3.1861830000252667,209.53048599994872,259.8506690000022
25,1780947625.8228998,42.200277999995706,3.691304999961176,40.730596999992486,3.320093000070301,123.29922199990051,171.04121699992447
26,1780947626.2139919,57.13484399996105,5.155707999961123,40.729929999997694,7.952806999924178,336.7057450000175,390.5441899999005
27,1780947626.4758122,77.55672399991909,1.9940250000445303,42.507945000011205,3.8275299999668277,213.12218299999586,261.4516830000184
28,1780947626.7522752,69.38430200000312,5.481325000005199,41.6780010000366,3.218701000037072,225.6244609999385,276.00248800001737
29,1780947627.0864148,72.83116900009645,5.766831999949318,43.547152999963146,6.302232999928492,278.02050200000394,333.6367199998449
30,1780947627.3152606,111.53781500001969,7.273308999970141,40.84451300002456,4.58306400003039,175.73849300003985,228.43937900006495
31,1780947627.5656548,63.96822700003213,2.3286250000182918,41.344006000031186,4.613824000102795,201.7396969999936,250.02615200014588
32,1780947627.8204188,79.9688030000425,4.594768000060867,41.11435199990865,3.419241999949918,205.18340199998875,254.31176399990818
33,1780947628.0507107,108.09777600002235,6.905467000024146,41.72427299999981,7.266974999993181,173.93090799998845,229.8276230000056
34,1780947628.3022301,77.55594299999302,1.8542999999908716,43.55340000006436,2.839266000023599,203.0172690000427,251.26423500012152
35,1780947628.6605918,76.37287900001866,2.939879999985351,42.03869999992094,4.731956000000537,308.3390240000199,358.0495599999267
36,1780947628.882184,133.42487199997777,4.571636999912698,41.738675000033254,5.515547000072729,169.29821500002618,221.12407400004486
37,1780947629.0920725,69.96881300005953,3.39459299993905,40.98613999997269,9.959755000068071,155.1331680000203,209.47365600000012
38,1780947629.3134136,33.66364099997554,2.343773000006877,41.00752300007571,5.378062000090722,172.18334500000765,220.91270300018095
39,1780947629.3843074,2.4583689998962654,2.200954999921123,42.24730900000395,5.552176999913172,20.649579999940215,70.65002099977846
40,1780947629.647212,50.37354199998845,4.021754000063993,43.54457800002365,8.191882000005535,206.8515830000024,262.60979700009557
41,1780947629.8912008,56.96064899996145,4.203146999998353,40.81885200002944,5.724439000005077,192.79168299999583,243.5381210000287
42,1780947630.114365,115.55614099995637,3.408703999980389,43.51435599994602,5.961073999969813,169.87879800001338,222.7629319999096
43,1780947630.3650024,118.21715199994287,4.4994309999992765,41.01907300002949,6.944945999975971,197.83982000001288,250.30327000001762
44,1780947630.606698,89.61697799998092,2.2064180000143097,41.84703600003559,4.49554099998295,192.78595100001894,241.3349460000518
45,1780947630.87151,72.49990299999354,1.9951180000816748,41.11398300005931,7.091134999996029,214.05344899994816,264.25368500008517
46,1780947631.1452115,93.52599300007114,2.263863000052879,40.17766599997685,3.3968139999842606,227.39527299995643,273.2336159999704
47,1780947631.594831,83.96721299993715,7.399158999987776,40.30425600001308,3.7822860000460423,397.82985199997256,449.31555300001946
48,1780947631.8643296,42.42393099991659,2.868247000037627,42.55417399997441,3.0090650000147434,220.62230099993485,269.05378699996163
49,1780947632.0949264,62.297072999967895,2.9339710000613195,40.82169199989494,5.4413210000348045,180.78620799997225,229.9831919999633
50,1780947632.321015,67.18210199994701,3.507612000021254,41.89208000002509,6.035537000002478,173.39816699995936,224.83339600000818
51,1780947632.6130097,111.30047100004958,2.176362000000154,40.84355700001652,3.7465799999836236,244.93604700001015,291.70254600001044
52,1780947632.7789347,104.36185999992631,2.2856969999338617,41.150416999926165,4.496873999983109,117.01151900001605,164.9445069998592
53,1780947633.1103988,73.13870099994801,1.9913570000653635,42.861083000047984,4.048326999964047,282.2854789999383,331.1862460000157
54,1780947633.7187912,41.69227299996692,2.802541000050951,40.640529000029346,6.23794699993141,558.3454419999043,608.026458999916
55,1780947633.920116,126.11517600009847,3.1509920000871716,40.715363999993315,3.105917999960184,154.00375000001532,200.976024000056
56,1780947634.1667707,58.38919400002851,3.0646209999076746,40.94294300000456,3.4975180000174078,198.30566799998905,245.8107499999187
57,1780947634.3932238,39.90974800001368,3.3821079999825088,40.82100900006935,4.342332999954124,177.5062980000257,226.0517480000317
58,1780947634.6733139,62.788063999960286,7.714403999898423,47.1806049999941,5.233591999967757,219.53683200001706,279.66543299987734
59,1780947634.9480925,46.982545999981085,2.6416849999577607,42.92944200005877,12.949958000035622,215.86199500006842,274.3830800001206
60,1780947635.1502903,79.05048900011025,2.1793060000163678,40.49859499991726,3.5729820000369727,155.63787199994294,201.88875499991354
61,1780947635.4802191,67.17968399993879,3.960711999980049,44.82043899997734,6.135998999980075,274.6241590000409,329.54130899997836
62,1780947635.6810741,98.99981399996705,3.811060999964866,41.326309999931254,4.583910999940599,150.56711599993378,200.2883979997705
63,1780947635.9037879,57.24540300002445,2.479589000017768,43.96266200001264,4.7283029999789505,171.06908300002033,222.2396370000297
64,1780947636.164323,73.15370699996038,3.9688059999889447,41.72735499992086,5.887234000056196,208.32632299993747,259.9097179999035
65,1780947636.377565,60.24536400002489,1.4924939999900744,42.983875000004446,6.172536000008222,161.96961100001772,212.61851600002046
66,1780947636.5838435,52.253827999948044,2.6903890000085084,41.13237500007472,7.292780999932802,154.50401100008548,205.6195560001015
67,1780947636.7903924,90.25032299996383,3.1330279999792765,42.71457400000145,5.016881999949874,155.43158599996332,206.29606999989392
68,1780947636.994599,108.90813700007129,2.9081530000212297,42.73170399994797,7.978795000099126,150.3396089999569,203.95826100002523
69,1780947637.2249155,11.540589999981421,5.265201999918645,42.94912900002146,3.765762999933031,177.69276499996067,229.6728589998338
70,1780947637.3611174,84.33346499998606,2.8667810000797544,39.942862999964746,3.3057159999998476,89.69702100000632,135.81238100005066
71,1780947637.590244,66.88175199997204,3.0919340000536977,43.77158999989206,7.128203000092981,174.3931609998981,228.38488799993684
72,1780947637.816251,99.61959599991133,3.5937589999548436,41.938866999998936,4.939156999967054,175.13247199997295,225.60425499989378
73,1780947638.0408614,56.9886039999119,2.306825999994544,42.979592000051525,4.235457999925529,174.6965510000109,224.2184269999825
74,1780947638.2552655,112.36078900003577,1.679590000094322,43.16490500002601,7.146627999986777,161.8399159999626,213.83103900006972
75,1780947638.4530053,81.30653999990045,5.031437000070582,43.49381899999116,4.881932999978744,143.3743699999468,196.78155899998728
76,1780947638.6687112,55.472305999956006,4.346589000078893,42.89078800002244,6.582338999919557,161.49546400004056,215.31518000006145
77,1780947638.8729856,86.49247999994714,1.728628000023491,43.231296000044495,4.283013999952345,154.71717699995224,203.96011499997257
78,1780947639.084543,57.24133399996845,2.3626409999906173,41.725097999915306,5.377739999971709,161.58917899997505,211.05465799985268
79,1780947639.323912,52.78552100003253,8.273484000028475,40.6673119999823,4.280753999978515,185.80303099997764,239.02458099996693
80,1780947639.5377944,70.60401500007174,4.297866000001704,40.19843100002163,3.983489000006557,164.95517900000323,213.43496500003312
81,1780947639.7521486,67.65921299995625,2.3931969999466673,43.08026800003972,6.121810000081496,161.90641400010009,213.50168900016797
82,1780947639.9580204,3.0950080000593516,2.0805049999808034,42.841003000035016,8.159740999985843,152.41797999999562,205.49922899999729
83,1780947640.16879,102.63724700007515,3.96633999991991,44.39381300005607,8.552322000014101,152.93661800001246,209.84909300000254
84,1780947640.3883367,119.08606200006489,7.057828000029076,42.74823700006891,12.407714000005399,156.90568000002258,219.11945900012597
85,1780947640.6251652,99.59644499997466,4.450219999966976,40.61756399994465,7.786824000049819,183.20891599989864,236.06352399986008
86,1780947640.744485,1.696330999948259,3.1039149999969595,40.49309799995626,5.554743000061535,69.78380299995024,118.935558999965
87,1780947640.9665604,39.115125999956035,1.98768799998561,41.74503100000493,7.810602000063227,169.96057400001519,221.50389500006895
88,1780947641.1969533,43.469078999919475,3.409031999922263,41.3091699999768,3.502551999986281,181.824937999977,230.04569199986236
89,1780947641.4025874,45.256633999997575,4.319197999961943,40.32021900002292,5.759522999937872,154.9453979999953,205.34433799991803
90,1780947641.6330593,77.20344300003035,4.011488000060126,40.70061599998098,4.662872000039897,180.5486349999228,229.9236110000038
91,1780947641.8650272,119.76452299995799,3.2817139999679057,41.09040100001948,10.72193800007426,176.45447800009606,231.5485310001577
92,1780947642.1018238,52.378788000055465,4.533406000064133,41.91721399990911,4.612000999941301,185.51213000000644,236.57475099992098
93,1780947642.360257,89.32667600004152,4.755687999931979,40.732017999971504,3.1781929999397107,209.38267000008182,258.048568999925
94,1780947642.5839458,92.75405899995803,4.378199000029781,41.825576999940495,4.70861300004799,172.28363200001695,223.19602100003522
95,1780947642.8268445,129.3216049999728,5.43460899996262,42.48788699999295,7.69896899998912,186.79797699996925,242.41944199991394
96,1780947643.0684311,56.80274200005897,3.106265999917923,41.39280999993389,6.655391999970561,190.01349600000594,241.16796399982832
97,1780947643.2938187,57.96726299990951,4.725445999952171,40.54499099993336,4.9356529999613485,174.7819920000211,224.98808199986797
98,1780947643.5189033,77.62700600005701,4.285900000013498,41.74886700002389,6.896748000031039,171.8169329999455,224.74844800001392
99,1780947643.6165586,2.5376060000326106,2.553162000026532,41.355785000064316,6.7873569998937455,46.53407299997525,97.23037699995984
100,1780947643.8174763,42.56071700001485,4.042136000066421,40.58034399997723,4.859281999983978,150.47137900000962,199.95314100003725
101,1780947644.0295296,69.94264600007227,2.163634999988062,41.452824000089095,3.541218000009394,164.45874700002605,211.6164240001126
102,1780947644.1039183,1.2058940000088114,2.1195970000462694,40.20099799993204,4.612442999928135,27.101442999992287,74.03448099989873
103,1780947644.183358,45.77621799990084,2.6644969999551904,42.85436400004983,6.146620999970764,27.342224999983955,79.00770699995974
104,1780947644.26114,35.1117489999524,1.5921419999358477,41.940939000028266,3.707628000029217,30.27883799995834,77.51954699995167
105,1780947644.346723,7.291680999969685,2.041132999920592,42.16862900000251,6.953803999977026,34.07424700003503,85.23781299993516
106,1780947644.4294887,4.485181000063676,3.29037899996365,41.76813900005527,6.230029999983344,31.116410999970867,82.40495899997313
107,1780947644.5142817,84.13710600007107,3.727202999925794,44.28320800002439,6.023045000006277,30.51506499991774,84.5485209998742
108,1780947644.605325,47.38726899995527,5.353586999945037,45.07140900000195,5.365125000025728,34.85590999991928,90.64603099989199
109,1780947644.6925879,44.59962099997483,4.292083999985152,42.567321999968044,8.366016999957537,31.417027999964375,86.64245099987511
110,1780947644.7898343,47.29321100001016,7.47585200008416,42.687286999921525,8.678670999984206,37.959989999990285,96.80179999998018
111,1780947644.8826582,83.51955600005567,2.0937640000511237,40.188478999994004,4.643906000069364,45.67701299993132,92.60316200004581
112,1780947644.970764,52.10915899999691,2.293082000051072,46.70701399993504,5.606129000057081,33.24500899998384,87.85123400002703
113,1780947645.0624099,5.961414000012155,2.9982820000213906,43.45498599991515,9.08047500001885,34.708328999954574,90.24207199990997
114,1780947645.3007019,64.15916600008131,3.911188000074617,44.86987999996472,5.870689000062157,183.33311499998217,237.98487200008367
115,1780947645.6114767,57.03571200001534,2.1347639999476087,41.21167899995726,5.221214000016516,261.95624899992254,310.5239059998439
116,1780947645.8131816,122.28726900002584,4.693647999943096,41.77648600000339,5.976597999961086,148.92819900001086,201.37493099991843
117,1780947646.0142806,129.37596300002951,3.3665109999674314,40.936413999929755,4.907540999965931,151.5333609999061,200.74382699976923
118,1780947646.2409682,127.37711199997648,2.394621000007646,41.32804599998963,5.647073000091041,177.08484000002045,226.45458000010876
119,1780947646.4617672,42.908984000064265,3.2639710000239575,41.30332299996553,5.796336000003066,169.92070100002366,220.2843310000162
120,1780947646.681194,52.26551800001289,1.853331999996044,41.378381000072295,4.486698000050637,171.14507600001616,218.86348700013514
121,1780947646.8811612,117.1236160000717,5.094525000004069,40.8688519999032,4.445975999942675,149.13046199990276,199.5398149997527
122,1780947647.089043,118.22163099998306,6.491219999929854,42.8106489999891,4.994281999984196,153.18630799993116,207.4824589998343
123,1780947647.293145,79.36344400002326,4.136449999919023,40.628249999940635,7.930171999987579,150.79647599998225,203.4913479998295
124,1780947647.5125802,53.7534659999892,1.8180349999283862,40.92421799998647,7.076896999933524,169.02864300004694,218.84779299989532
125,1780947647.7183952,85.58137900001839,2.0130760000256487,42.297448999988774,4.467344999966372,156.6992929999742,205.477162999955
126,1780947647.9443452,32.261032000064915,2.758220000032452,41.24981799998295,3.6789230000522366,177.96770500001458,225.65466600008222
127,1780947648.1492536,107.41543799997544,4.804426999953648,41.29913299993859,4.304767999997239,154.00100100009695,204.40932899998643
128,1780947648.3489213,70.83393599998544,5.3525659999422714,41.17410699996071,4.705109000042285,147.96186499995656,199.19364699990183
129,1780947648.5487268,125.34830000004149,5.019763000063904,40.910101999998005,6.414549000055558,147.02616200008833,199.3705760002058
130,1780947648.7272136,119.19599699990613,2.3337490000585603,41.40472200003842,3.423381000061454,130.9446669999943,178.10651900015273
131,1780947648.9119887,107.0669480000106,2.9892430000018066,44.26168500003769,7.150636999995186,129.83570099993358,184.23726599996826
132,1780947649.1307883,85.51326399992831,2.289840000003096,44.60906199994952,7.937707999985832,163.6384649999627,218.47507499990115
133,1780947649.3342712,148.741565000023,1.973204000023543,41.2980300000072,5.593792000013309,154.10735299997214,202.9723790000162
134,1780947649.4156585,3.5128069999927902,2.577457000029426,41.74929800001337,5.473161000054461,31.21618899990608,81.01610500000334
135,1780947649.5005658,78.60113200001706,1.4827879999756988,42.699852999930954,5.5142909999403855,34.98103899994476,84.6779709997918
136,1780947649.711734,58.905089000063526,3.9563160000852804,42.92883899995559,3.130318999978954,160.66579300002104,210.68126700004086
137,1780947649.792479,44.82635700003357,1.7153109999981098,43.1450840000025,4.68153400004212,30.85677499996109,80.39870400000382
138,1780947649.8769011,2.6799400000072637,1.8264420000377868,43.59912899997198,5.896687000017664,32.6293269999951,83.95158500002253
139,1780947649.9775274,57.459469000036734,1.6292900000962618,41.85167000002821,4.093985999929828,52.756508000015856,100.33145400007015
140,1780947650.0617735,37.8385699999626,1.971056000002136,41.72538800003167,4.91129700003512,35.407227999940005,84.01496900000893
141,1780947650.25271,60.12984599999527,4.865888000040286,42.672420999906535,5.107208000026731,137.96919399999297,190.61471099996652
142,1780947650.3493004,48.17272899992986,3.0639839999366814,41.56247399998847,16.80389299997387,34.61271300000135,96.04306399990037
143,1780947650.4665873,43.866555000022345,3.0835399999205038,40.81858999995802,5.9402979999276795,67.09395899997617,116.93638699978237
144,1780947650.6156187,64.1054579999718,3.3103780000374172,42.02926100003879,5.202321000069787,98.04960200006008,148.59156200020607
145,1780947650.70076,46.235969999997906,3.5028250000550543,42.165264000004754,6.274212000107582,32.95423699989897,84.89653800006636
146,1780947650.8385801,81.33319199998823,2.1806900000456153,44.3270460000349,6.996669999921323,84.09341199990195,137.59781799990378
147,1780947650.9244227,37.44969299998502,3.2535249999909865,41.20565300001999,5.332212999974217,35.37313399999675,85.16452499998195
148,1780947651.0090458,51.465644000018074,1.86151700006576,43.8096839999389,6.50436399996579,32.237981999969634,84.41354699994008
149,1780947651.095737,50.88049700009378,9.728442999971776,41.462967000029494,3.9535380000188525,30.72759799999858,85.8725460000187
150,1780947651.3257682,139.65456099992934,2.174560000071324,42.567581000071186,7.19587700007196,176.95035699989603,228.8883750001105
151,1780947651.4229245,47.730493000017304,6.503993000023911,42.879531000039606,6.11059599998498,41.226202999951056,96.72032299999955
152,1780947651.502745,43.869160999975065,5.184135000035894,40.84038199994211,3.8053490000038437,29.706172000032893,79.53603800001474
153,1780947651.588221,4.4780100000707534,2.5861229999009083,42.80208600005153,4.486399000029451,35.363093000000845,85.23770099998274
154,1780947651.672652,83.77587699999367,3.277785000022959,40.69086000004063,4.447232000075019,35.74702599996726,84.16290300010587
155,1780947651.915236,110.81527600003938,1.9723149999890666,41.29387199998291,5.188894999946569,193.82682299999487,242.28190499991342
156,1780947651.996132,6.548511999994844,2.336266000042997,42.13129499999013,5.203189999974711,30.66724500001783,80.33799600002567
157,1780947652.0771682,31.563946999995096,1.8688690000772112,41.54624300008436,3.4895280000455386,33.81270800002767,80.71734800023478
158,1780947652.2069118,45.663134000051286,3.0918919999294303,41.965212000036445,6.462010000063856,77.82334700004867,129.3424610000784
159,1780947652.2893915,47.01430700004039,4.157041000098616,40.700634000018,2.970741000012822,34.200678000047446,82.02909400017688
160,1780947652.3751266,77.3233940000182,3.771367000013015,41.13132700001643,9.448900000052163,31.017154999972263,85.36874900005387
161,1780947652.4597843,46.222069999998894,5.248338999990665,42.28177400000277,3.3666000000494023,33.28640200004429,84.18311500008713
162,1780947652.534252,9.19198700000834,1.551232999986496,42.51764799994362,8.204283000054602,21.42486499997176,73.69802899995648
163,1780947652.6243277,67.43628300000637,3.22518999996646,41.90365599993129,4.346932999965247,40.35771899998508,89.83349799984808
164,1780947652.7140334,55.044291000058365,4.749960000026476,45.733709000046474,9.514975000001868,29.207122000002528,89.20576600007735
165,1780947652.9802325,62.783565000017916,3.149151000002348,42.18510500004413,6.122763000007581,214.480352999999,265.9373720000531
166,1780947653.056647,1.638881999951991,3.3750449999843113,41.48244199996043,4.286191000005601,26.792813999918508,75.93649199986885
167,1780947653.1339693,32.27300899993679,1.8959980000090582,39.90489199998137,4.629883000006885,30.537457999912476,76.96823099990979
168,1780947653.2121878,42.854501999954664,3.2368009999572678,41.329436999944846,4.433952999988833,28.928093999979865,77.92828499987081
169,1780947653.2935805,77.71980000006806,2.2051529999771446,45.402050000006966,7.131131999926765,26.369992000013553,81.10832699992443
170,1780947653.3699896,42.1977489999108,3.109595000069021,40.65792399990187,5.478936000031354,26.72516400002678,75.97161900002902
171,1780947653.4484591,42.25024899994878,3.4099340000466327,41.31654700006493,6.293153999990864,27.17357999995329,78.19321500005572
172,1780947653.7287517,52.45584700003292,1.6982170000119368,42.05687600006058,6.0022420000223065,230.34901199991964,280.10634700001447
173,1780947653.8103426,1.5711029999465609,4.925295999896662,40.90839200000573,5.869424000024992,29.501772000003257,81.20488399993064
174,1780947654.0427501,67.59486999999353,5.254839000031097,41.720591999933276,3.739940000059505,181.41028100001222,232.1256520000361
175,1780947654.1250298,1.476064999906157,2.914275999955862,41.44647099997201,5.226781999908781,32.30491299996174,81.8924419997984
176,1780947654.384223,61.69477100002041,2.2589120000020557,40.80447700005152,4.369285000052514,211.56093400009013,258.9936080001962
177,1780947654.4622135,1.2148740000839098,3.2845240000369813,42.59478799997396,3.4366560000762547,28.269801000078587,77.58576900016578
178,1780947654.544522,75.6045839999615,3.1878360000519024,43.03740699992886,6.054834999986269,29.779458999996677,82.05953699996371
179,1780947654.6263232,45.410210000000006,2.9702950000682904,42.34817200006091,4.54647300000488,31.726846000083242,81.59178600021733
180,1780947654.7116408,51.86662599999181,4.356803000064247,40.28759799996351,9.643049000032988,30.536843000049885,84.82429300011063
181,1780947654.7956798,73.00699899997198,1.6924210000297535,41.987646999928074,9.177521999959026,30.987313999958133,83.84490399987499
182,1780947654.8797472,41.95785000001706,2.54219499993269,41.36052500007281,5.3446909998911,34.4578230000252,83.7052339999218
183,1780947654.9772072,3.1076129999974,4.231800999946245,41.45282199999656,7.558695000057014,43.79764399993746,97.04096199993728
184,1780947655.0679765,49.15218500002538,4.970666000076562,46.63478599991322,4.590177000068252,34.201998999947136,90.39762800000517
185,1780947655.1574333,93.08367400001316,2.9284610000104294,43.110218000038,9.71047500001987,33.44750400003704,89.19665800010534
186,1780947655.2489119,9.082945000045584,2.0448150000902388,43.32577799993942,13.166092999995271,32.49691299993174,91.03359899995667
187,1780947655.3376374,47.66733899998599,8.763586999975814,43.9319559999376,4.066982000040298,31.369057999995675,88.13158299994939
188,1780947655.427843,8.124963999989632,4.524973000002319,40.62878399997771,11.01307299995824,33.810936999998376,89.97776699993665
189,1780947655.5209343,9.19892800004618,1.808440999980121,40.76328600001489,4.633325999975568,45.63256200003707,92.83761500000764
190,1780947655.6232212,31.36211399998956,8.085148000077425,42.73795300002803,12.260948000061944,38.57539400007681,101.65944300024421
191,1780947655.7137864,18.740065999963917,3.284727000050225,40.49603999999363,9.446228999991035,32.414503000040895,85.64149900007578
192,1780947655.80493,45.91565900000205,6.210613999996895,44.69335900000715,6.735605000017131,33.09886799991091,90.73844599993208
193,1780947655.8997512,8.371690999979364,3.330671999947299,48.25109099999736,9.295467000015378,33.47470800008523,94.35193800004527
194,1780947655.9955397,53.89311999999791,6.448784999975032,43.04544000001442,8.767383999952472,33.97538399997302,92.23699299991495
195,1780947656.0880394,47.63974100001178,8.183002000009765,43.19419699993432,5.387097999914658,35.21006899995882,91.97436599981756
196,1780947656.1741328,49.26497400003882,2.086112000029061,40.25918000002093,8.139871000025778,35.403147000010904,85.88831000008668
197,1780947656.2677932,83.02636899998106,5.288559999939935,42.60507399999369,5.690641000001051,39.8264120000249,93.41068699995958
198,1780947656.3632286,45.48651599998266,3.9675170000919024,42.87572799989903,5.508156000018971,42.68402100001367,95.03542200002357
199,1780947656.453518,9.126741000045513,1.928367999994407,43.71448400002009,9.80719799997587,34.589353999990635,90.039403999981
200,1780947656.547256,2.805422000051294,3.9315349999924365,41.83794899995519,12.637470999948164,34.23331099997995,92.64026599987574
201,1780947656.6374428,3.444711000042844,3.207761999988179,42.02313799999047,10.354521999943245,34.27871799999593,89.86413999991782
202,1780947656.7253187,12.427060999925743,1.9021640000573825,42.13847400001214,8.179465000011987,35.34329399997205,87.56339700005356
203,1780947656.8191473,85.29385500003173,4.759030999935021,45.77946599999905,8.817327999963709,34.16595800001687,93.52178299991465
204,1780947656.9069972,41.819801000087864,2.3701730000311727,43.631445000073654,5.370079000044825,36.131197000031534,87.50289400018119
205,1780947656.9979615,48.75077900010183,5.098093000015069,43.92289500003699,7.01625800002148,34.32405299997754,90.36129900005108
206,1780947657.090258,49.76786700001412,5.932164000000739,45.744738000053076,5.713548000016999,34.61344300001201,92.00389300008283
207,1780947657.1770978,42.931113000008736,2.0737779999535633,39.91402100007235,7.156314999974711,37.37690000002658,86.52101400002721
208,1780947657.2709641,51.36285899993709,4.339727000001403,47.87871999997151,6.318059000022913,34.872410999923886,93.40891699991971
209,1780947657.3585472,42.901352999933806,1.999832000024071,42.69745999999941,6.398338000053627,36.02595000006659,87.1215800001437
210,1780947657.4483137,42.96603899990714,3.306949000034365,41.57003299997086,8.187223000049926,36.32330799996453,89.38751300001968
211,1780947657.5414517,13.709007999977985,3.1629100000145627,42.65605200009759,13.675749000071846,33.23823200003062,92.73294300021462
212,1780947657.6276624,80.64729700004136,1.701771000057306,41.351843000029476,4.633528999988812,38.31745399997999,86.00459700005558
213,1780947657.7210546,48.974351999959254,3.5001930000362336,47.861257000022306,7.394985999894743,34.199305000015556,92.95574099996884
214,1780947657.8103955,48.17094800000632,5.185056999948756,45.23515400001088,4.469358999926953,33.97224599996207,88.86181599984866
215,1780947657.9017916,48.7073289999671,2.984054000080505,44.25015499998608,8.675360999973236,35.07143299998461,90.98100300002443
216,1780947657.995285,44.57908699998825,3.9309789999606437,42.55441999998766,10.068552999996427,36.63927600007355,93.19322800001828
217,1780947658.0857882,89.58188200006134,3.0185360000132277,40.400323000085336,6.138444000043819,40.69327100000919,90.25057400015157
218,1780947658.1789768,52.20353400000022,5.9128660000169475,45.34211400005006,6.902754000066125,34.62956900000336,92.78730300013649
219,1780947658.267607,42.87677399997847,3.2237799999847994,41.06268500004262,7.656064000002516,36.35808100000304,88.30061000003298
220,1780947658.3534625,46.16757300004792,4.625564999969356,43.52319200006605,2.5919359999306835,34.79303500000697,85.53372799997305
221,1780947658.4419312,47.32816799992179,5.93119999996361,42.002388000014435,6.749103999936779,33.38549099999,88.06818299990482
222,1780947658.5373194,92.81069299993305,1.7345869999871866,41.80334700004096,14.120107000053395,37.4946210000644,95.15266200014594
223,1780947658.6290398,45.268113000020094,4.5087659999580865,42.06986999997753,9.886641000093732,34.727200000020275,91.19247700004962
224,1780947658.7261367,58.444516999998086,1.6919930000085515,47.09708999996565,11.759822999920289,36.092799000016385,96.64170499991087
225,1780947658.815507,1.5821769999320168,3.9266999999654217,41.98894199998904,6.436950000079378,36.68573499999184,89.03832700002567
226,1780947658.8995047,42.11390800003301,1.9757950000212077,42.06153600000562,6.23620499993649,33.540086000016345,83.81362199997966
227,1780947658.9832835,82.15262999999595,1.8592180000496228,41.25474400007079,4.091221999942718,36.37586000002102,83.58104400008415
228,1780947659.0699415,1.6335840000465396,2.8797190000204864,41.25501900000472,6.609785000023294,35.51343200001611,86.25795500006461
229,1780947659.156688,42.695266000009724,2.5424530000464074,41.804859999956534,4.757011000037892,37.431338000033065,86.5356620000739
230,1780947659.2476032,97.66382399993745,4.239019999999982,42.05445700006294,7.5212830000737085,36.76695500007554,90.58171500021217
231,1780947659.3383796,49.488794000012604,6.023126000059165,42.5498739999739,5.127980999986903,36.68995399993946,90.39093499995943
232,1780947659.39016,42.72585800003981,2.685623000047599,41.20549799995388,6.882049000068946,0.6595300000071802,51.4327000000776
233,1780947659.4832308,62.058890000002975,4.563156000017443,41.07814299993606,9.89721499990992,37.14675900005204,92.68527299991547
234,1780947659.572904,45.36029500002314,2.4323770001046796,42.16645899998639,10.912824999991244,33.87032900002396,89.38199000010627
235,1780947659.657853,3.01897999997891,2.1982979999393137,41.39200100007656,5.040850000000319,35.90949500005536,84.54064400007155
236,1780947659.7232542,89.90175899998576,5.399281999984851,43.36046200000965,15.602965000084623,0.6246960000453328,64.98740500012445
237,1780947659.77892,45.9529529999827,4.3681150000338675,43.25190499992004,6.09190500006207,0.5903069999249055,54.30223199994089
238,1780947659.8872197,57.19182100006037,7.176665999963916,43.28853499998786,3.819586999952662,53.74033399994005,108.02512199984449
239,1780947659.9801013,51.63981499993042,3.5130080000271846,46.140808000018296,7.952864000003501,34.89397700002428,92.50065700007326
240,1780947660.0327842,43.70272599999225,2.1993540000266876,42.57257599999775,6.471301000033236,1.0410739999997531,52.28430500005743
241,1780947660.1152503,53.39306199994098,3.2697620000590177,42.039951999981895,5.409782000015184,31.25209300003462,81.97158900009072
242,1780947660.1969156,37.77157900003658,5.467892999945434,41.08082400000512,3.0515729999933683,31.702064000000973,81.3023539999449
243,1780947660.3406696,78.38241399997514,8.444817000054172,41.84048600006918,3.684009999915361,89.44448199997623,143.41379500001494
244,1780947660.396368,51.5630660000852,4.859215999999833,42.24743700001454,6.807676999983414,1.3766360000317945,55.290966000029584
245,1780947660.480726,47.75729500011039,2.742771000043831,42.99550600001112,8.039940000003298,30.304150999995727,84.08236800005398
246,1780947660.5736737,41.72559500000261,1.91390500003763,41.2510310000016,6.058163000034256,43.48918200003027,92.71228100010376
247,1780947660.6674268,57.3154460000751,4.65819399994416,45.56497799990211,9.760804000052303,33.2326479999665,93.21662399986508
248,1780947660.8954444,68.18386200006898,1.7587720000165064,41.72970599995551,7.355852999921808,176.96689199999582,227.81122299988965
249,1780947660.9805775,48.21165500004554,2.3278200000049765,42.4098479999202,4.21837199996844,35.944529000062175,84.9005689999558
250,1780947661.079642,3.132795999931659,3.490562000024511,43.90998299993498,5.2415930000506705,45.25122699999429,97.89336500000445
251,1780947661.165424,43.892110000001594,3.518469000027835,41.12346900001285,6.176793999998154,34.445979999986776,85.26471200002561
252,1780947661.256358,93.39330000000245,2.826976000051218,50.64976700009538,5.539523999914309,31.682412999998633,90.69868000005954
253,1780947661.3471787,54.10308700004407,7.806359999904089,45.58708399997613,11.400757000046724,25.653620999946725,90.44782199987367
254,1780947661.4313903,44.86166399999547,3.719936000038615,42.20232000000124,6.652006999956939,31.367017999968994,83.94128099996578
255,1780947661.516306,7.631375999949341,1.7164009999532936,41.4029539999774,9.702985999979319,31.884100999945986,84.706441999856
256,1780947661.6015782,85.43878900002255,4.575191999947492,43.178226999998515,5.267982000077609,31.997714999988602,85.01911600001222
257,1780947661.7005498,49.609562999989976,2.4132650000865397,44.137558999977955,8.506428000032429,43.595660000050884,98.65291200014781
258,1780947661.781939,43.31787700004952,1.9068300000526506,40.90087200006565,5.567154000004848,32.598651000057544,80.97350700018069
259,1780947661.8725896,39.510755000037534,1.9616090000909026,40.8973529999912,3.7344000000985034,43.45667699999467,90.05003900017527
260,1780947661.9638774,59.98804300008942,3.0800550000549265,48.682750000011765,3.5927850000234685,35.652778999974544,91.0083690000647
261,1780947662.0569332,49.17686900000717,3.5502849999602404,45.873421999999664,6.83041599995704,36.501735000001645,92.75585799991859
262,1780947662.1499681,43.93632799997249,1.931626999976288,45.63089400005538,7.375056000000768,37.63853299994935,92.57610999998178
263,1780947662.243054,46.61942999996427,5.671230000075411,42.37994799996159,7.5128360000462635,36.69555199996921,92.25956600005247
264,1780947662.3278205,48.06516000007832,4.106275999902209,42.024867999998605,6.630411999935859,31.786669999974038,84.54822599981071
265,1780947662.4207633,83.62521100002596,3.0285349999985556,41.10659299999497,10.661298000059105,37.835573000052136,92.63199900010477
266,1780947662.5059848,1.5394530000776285,1.8667179999738437,41.38450499999635,7.75159900001654,33.770335000099294,84.77315700008603
267,1780947662.5988457,50.54305600003772,4.8336400000152935,40.547380000020894,10.00034199989841,36.94350199998553,92.32486399992013
268,1780947662.6855142,2.2815210000999286,3.1582039999875633,41.71769599997788,8.232478000081755,33.196879999991324,86.30525800003852
269,1780947662.7779362,85.97449299998061,3.9391620000515104,42.19514899989463,5.826047000027756,40.20733699996981,92.1676949999437
270,1780947662.8695378,49.11843799993676,3.3235030000469123,45.95158500001162,7.202033999988089,34.78314899996349,91.2602710000101
271,1780947662.9557416,46.54926200009868,5.283833000021332,40.438914999981534,5.772231000037209,34.462532000020474,85.95751100006055
272,1780947663.0478303,48.18943999998737,4.707657000039944,41.638398000031884,8.972991000064212,34.72656899998583,90.04561500012187
273,1780947663.2659464,137.95355799993558,2.157112000077177,40.88721499999792,7.076475999951981,167.77478300002713,217.8955860000542
274,1780947663.476691,103.75923900005546,2.7051959999653263,41.33314799992149,4.056404000039038,162.32185400008348,210.41660200000933
275,1780947663.5632432,1.060518000031152,3.0431089999183314,41.33909199993013,4.3420760000572045,36.98258999997961,85.70686699988528
276,1780947663.6538749,46.69472299997324,6.044105999990279,46.87626400004774,5.863101999921128,31.410307999976794,90.19377999993594
277,1780947663.7441714,44.43770199998198,3.4220590000586526,41.29851699997289,12.298826000005647,33.01640999995925,90.03581199999644
278,1780947663.8301904,95.57772499999828,4.453910999927757,42.854692999981125,5.833324000036555,32.60760599994228,85.74953399988772
279,1780947663.9178135,9.255123999992065,1.9242930000018532,41.090218000022105,6.974863000095866,37.329504000013,87.31887800013283
280,1780947664.0086825,52.34195099990302,8.314812000094207,46.142934999920726,3.514245999895138,32.50856800002566,90.48056099993573
281,1780947664.096458,43.825482999977794,2.669841999932032,41.04556400000092,6.867268000064541,36.886770000023716,87.46944400002121
282,1780947664.1900406,94.21611700008725,3.2332039999118933,44.69786799995745,11.477198999955363,33.877810000035424,93.28608099986013
283,1780947664.2727785,43.97085599998718,2.8949940000302377,40.55503699999008,5.539134000059676,33.476006999990204,82.4651720000702
284,1780947664.358791,6.153272999995352,3.252482999982931,40.95093299997643,4.947381999954814,36.45879900000182,85.609596999916
285,1780947664.4438589,3.0163479999600895,2.2324459999936153,41.66696400000092,7.579410000062126,33.290208000039456,84.76902800009611
286,1780947664.5318487,85.04175399991709,2.4660249999897133,42.567887000018345,7.401775999937854,35.37346500002059,87.8091529999665
287,1780947664.613651,2.9571989999794823,1.981350000050952,40.77661500002705,4.95434499998737,33.81125400005658,81.52356400012195
288,1780947664.7083948,44.14406199998666,4.861065000000053,41.85924500006877,12.911539000015182,34.87679099998786,94.50864000007186
289,1780947664.794603,10.497478000047522,2.066313000000264,42.445477999990544,7.323590000055447,34.099110999932236,85.93449199997849
290,1780947664.882852,79.98512999995455,3.343224999980521,45.09494900003119,6.276164999917455,33.32524500001455,88.03958399994372
291,1780947664.9344242,42.97135700005583,4.082421999896724,40.991988999962814,5.575301000021682,0.6033629999819823,51.2530749998632
292,1780947664.9925063,53.32535200000166,2.4717460000829305,43.59447899992119,11.068248000015046,0.6317889999536419,57.76626199997281
293,1780947665.0858002,58.457084999986364,5.041216999984499,44.031297999936214,5.8029329999271795,38.046304999966196,92.92175299981409
294,1780947665.1437485,43.32182099994952,6.581169000014597,41.95320500002708,8.401385999945887,0.6062140000722138,57.54197400005978
295,1780947665.245836,56.61573600002612,1.9243289999621993,42.63929199998984,8.57175900000584,48.69526599998153,101.8306459999394
296,1780947665.3004274,5.825286000003871,2.1235179999621323,42.07292899991444,9.109601999966799,0.8049959999425482,54.11104499978592
297,1780947665.351872,51.19562400000177,2.155110999979115,40.6119410000656,7.677390999901945,0.6627519999256037,51.10719499987226
298,1780947665.4515843,56.00422499992419,8.819781999932275,41.56995799996821,6.039677999979176,42.94170299999678,99.37112099987644
299,1780947665.5425177,48.20510900003683,4.910158000029696,42.81890499999008,5.307146999939505,37.53303700000288,90.56924699996216
300,1780947665.6006122,44.97299800004839,3.069553000045744,42.029280999940966,10.072691999994277,0.7433089999722142,55.9148349999532
301,1780947665.652509,59.62097300005098,6.044364000103997,42.18513499995424,2.80299299993203,0.5678429999989021,51.60033499998917
302,1780947665.7413988,48.95741799998632,2.050943000085681,41.95577900009084,5.585873999962132,38.99750599998697,88.59010200012563
303,1780947665.8391612,53.19293600007313,3.9640129999725104,46.05025800003659,8.430903999965267,39.038451000010355,97.48362599998472
304,1780947665.890265,45.669139999972685,2.12085099997239,43.50638000005347,4.346112000007452,0.6996969999590874,50.6730399999924
305,1780947665.9492426,61.52396899994983,7.891673000017363,45.325559999923826,4.867138999998133,0.578936000010799,58.66330799995012
306,1780947665.9995828,47.921863000055964,4.959826000003886,40.83509299994148,3.6758229999804826,0.6429929999285378,50.11373499985439
307,1780947666.049464,50.0502109999843,4.950233000045046,40.47226799991677,3.621894999923825,0.5843619999268412,49.62875799981248
308,1780947666.1008918,49.30032599997958,3.154498000071726,41.735623000022315,5.67591200001516,0.6175839999968957,51.183617000106096
309,1780947666.155472,55.02110999998422,3.3580949999532095,43.937679000009666,6.360942000014802,0.6427329999496578,54.299448999927336
310,1780947666.2098956,54.60150999999769,7.174994000024526,41.36363500003881,4.923213999973086,0.6120110000438217,54.073854000080246
311,1780947666.264634,55.19083500007582,5.425425999987965,43.85052899999664,4.565374999970118,0.5883439999934126,54.429673999948136
312,1780947666.3210511,51.448900000082176,2.367466000009699,45.74865500001124,7.260273000042616,0.6747889999587642,56.05118300002232
313,1780947666.3763204,7.380941000064922,2.5791179999714586,42.80695600004947,8.982320000086474,0.6269740000561796,54.99536800016358
314,1780947666.4300632,55.104036999978234,6.357868000009148,41.997441999910734,4.497131999983139,0.5838810000113881,53.43632299991441
315,1780947666.487635,58.3791309999242,4.823620000024675,45.405759000004764,6.479425999941668,0.6094919999668491,57.31829699993796
316,1780947666.542904,50.93057700003101,5.00829000009162,42.73990000001504,6.632427999988977,0.6241219999765235,55.00474000007216
317,1780947666.6013622,59.693431000027886,5.347314000005099,45.566633000021284,6.517425999959414,0.6233440000187329,58.05471700000453
318,1780947666.6524644,51.72397900003034,5.208590000052027,40.79299499994704,4.283109999960288,0.5852140000115469,50.8699089999709
319,1780947666.706697,53.974425999967934,2.6402680000501277,45.67485699999452,5.068252999990364,0.602362999984507,53.985741000019516
320,1780947666.7635062,57.71893399992223,4.251961000022675,45.76228399992033,5.722634999983711,0.7110310000371101,56.447910999963824
321,1780947666.8148832,51.329824000049484,5.173328999944715,41.827883999985715,3.527171999962775,0.5684359999804656,51.09682099987367
322,1780947666.8696377,49.994061000006695,2.0596650000470618,46.69419000003927,5.196737000005669,0.5845470000167552,54.53513900010876
323,1780947666.923295,56.30263199998353,3.0067919999510195,44.33320400005414,5.4642599999397135,0.6100849999484126,53.414340999893284
324,1780947666.9767814,4.170942000087052,5.573946999902546,42.35883699993792,4.604504999974779,0.6424179999839907,53.17970699979924
325,1780947667.0262783,4.170942000087052,1.828252999985125,41.05386899993846,5.770523999899524,0.6362149999858957,49.288860999809
326,1780947667.086286,57.20499600010953,1.8891250000478976,42.16831099995488,7.31447600003321,0.6490670000403043,52.020979000076295
327,1780947667.1428072,49.246061000076224,4.002697999908378,45.80746499993893,3.9126220000298417,0.5926769999859971,54.315461999863146
328,1780947667.1980655,56.69527999998536,8.674852000012834,41.7672120000816,3.950030000055449,0.568584000006922,54.960678000156804
329,1780947667.2517085,52.85401100002218,7.437107999976433,40.50983799993446,4.809156000078474,0.6217879999894649,53.377889999978834
330,1780947667.3445537,52.72704599997269,5.494408000004114,41.62809800004652,3.462504000026456,42.01267899998129,92.59768900005838
331,1780947667.4028165,12.026315999946746,1.7451229999778661,49.13874399994711,6.503350999992108,0.5598239999926591,57.94704199990974
332,1780947667.4615502,57.43142199992235,8.245121999948424,41.650301999993644,7.885208000061539,0.6777150000516485,58.458347000055255
333,1780947667.5139472,53.02234800001315,5.406111000070268,41.646709000019655,4.406778999964445,0.5992320000132167,52.058831000067585
334,1780947667.5676827,54.12921800007098,2.0433490000186794,44.521184000018366,6.026288000043678,0.8419780000394894,53.43279900012021
335,1780947667.6246822,54.685709999944265,4.066199000021697,45.41169999993144,6.453702000044359,0.6854739999653248,56.617074999962824
336,1780947667.6757643,50.2145959999325,2.8721599999244063,40.7402490000095,6.35962700005166,0.797107000039432,50.769143000025
337,1780947667.7358313,57.34410599995954,4.309591999913209,42.45603799995479,11.956702999896152,0.7169010000325216,59.43923399979667
338,1780947667.7920878,4.1163670000514685,7.123195999952259,41.446964999977354,6.743504000041867,0.6567149999909816,55.97037999996246
339,1780947667.850137,52.77877000003173,5.423944000085612,41.35448299996369,7.579203000091184,3.114090000053693,57.47172000019418
340,1780947667.9044373,57.873707999988255,7.98296899995421,42.11879100000715,3.3656130000281337,0.5907690000412913,54.058142000030784
341,1780947667.9595633,50.9255709999934,3.4798550000232353,42.75043200004802,7.938227999943592,0.6349369999725241,54.803451999987374
342,1780947668.0147433,58.424235999950724,7.144584999991821,42.56900300003963,4.532428000061373,0.6458620000557858,54.89187800014861
343,1780947668.0680196,54.66233300001022,6.057954999960202,42.344345999936195,3.9999570000190943,0.5897319999803585,52.99198999989585
344,1780947668.1228395,51.93743400002404,3.1395340000699434,43.361011999991206,7.512665000035668,0.5928059999860125,54.60601700008283
345,1780947668.175191,56.485103999989406,6.772077999926296,41.701816999989205,3.0447000000322078,0.5654540000250563,52.084048999972765
346,1780947668.2281797,51.40622199996869,4.619188999981816,41.08615899997403,6.485257999997884,0.5939730000363852,52.78457899999012
347,1780947668.2834387,55.72903600000245,3.416001999994478,46.83558900001117,4.10312500002874,0.6324739999854501,54.98719000001984
348,1780947668.3350933,10.769515999982104,5.194791999997506,42.444736999982524,3.212517000065418,0.581233000048087,51.433279000093535
349,1780947668.3925915,89.71838900004059,3.8904179999690314,43.637535000016214,9.080875999984528,0.6498820000615524,57.258711000031326
350,1780947668.4450486,48.906289999990804,4.832766999925298,41.923469000039404,4.093069000077776,0.5703429999357468,51.419647999978224
351,1780947668.4983082,51.700096999979905,6.235586999991938,41.001860999926976,5.230329000028178,0.5848609999929977,53.05263799994009
352,1780947668.552547,55.79972199996064,4.374851999955354,42.57794299996931,6.432015999962459,0.5853440000009869,53.97015499988811
353,1780947668.6091223,55.74544299997797,10.371045999931994,41.3014949999706,4.034086000046955,0.5868250000276021,56.29345199997715
354,1780947668.661388,50.85865700004888,4.723393999938708,41.0893619999797,5.536908000067342,0.6289369999876726,51.97860099997342
355,1780947668.7161853,55.44117900001311,2.986235999969722,43.167230999983985,7.737650000080976,0.5911950000836441,54.48231200011833
356,1780947668.7692757,51.18292199995267,2.297631000033107,44.06207900001391,5.841081000085069,0.6107510000674665,52.81154200019955
357,1780947668.8273232,60.1385920000439,5.632206999962364,44.40991899991786,7.018638000090505,0.6114919999617996,57.67225599993253
358,1780947668.8830018,55.55579199995009,3.2078689999934795,46.845847999975376,4.7368030000143335,0.6081399999402493,55.39865999992344
359,1780947668.9372127,54.62112800000796,2.4239119999265313,44.85075900004176,6.081825000023855,0.5992500000502332,53.95574600004238
360,1780947668.992747,58.08268699991004,7.9033370000161085,41.06271299997388,5.550889999994979,0.6881780000185245,55.205118000003495
361,1780947669.0523422,7.11030499996923,3.2381480000367446,46.515486999965105,8.884796999950595,0.6717889999663385,59.31022099991878
362,1780947669.1052682,54.37887800007957,7.131637999918894,40.89048399998774,3.948381999975936,0.6128060000492042,52.58330999993177
363,1780947669.162748,55.27341100003014,9.256508000021313,42.90681399993446,4.429759999993621,0.6073629999718833,57.200444999921274
364,1780947669.216168,54.01966800002356,6.507091000003129,42.383045999940805,3.6178380000819743,0.5801580000479589,53.08813300007387
365,1780947669.2704623,54.246133999981794,3.8171569999576604,42.39560200005599,7.23491799999465,0.6182879999414581,54.065964999949756
366,1780947669.325118,52.14982199993301,3.869045999977061,43.23548699994717,6.616537000013523,0.5930290000151217,54.314098999952876
367,1780947669.3798928,57.10627599989948,3.257500000017899,45.5161729998963,5.1263640000343,0.6171210000047722,54.51715799995327
368,1780947669.434945,55.03811100004441,5.817782999997689,44.406673000025876,4.016807999960292,0.5690089999461634,54.81027299993002
369,1780947669.49018,48.86050699997213,2.2937789999559755,46.68063700000857,5.346348999978545,0.6465660000003481,54.96733099994344
370,1780947669.549073,61.483330999976715,3.912140000011277,44.701493000047776,9.347212999955445,0.6136590000096476,58.574505000024146
371,1780947669.606628,1.429727999948227,8.3023619999949,42.83881300000303,5.463480999992498,0.6470850000823702,57.2517410000728
372,1780947669.666216,56.91577199991116,4.929212999968513,46.65396999996574,7.034803999999895,0.6794560000571437,59.29744299999129
373,1780947669.7187333,53.65706899999623,3.6513569999669926,43.222653000043465,4.787044000067908,0.5791580000504837,52.24021200012885
374,1780947669.7706597,51.19523099995149,3.593726999952196,42.29830400004175,5.1602170000251135,0.5995839999286545,51.65183199994772
375,1780947669.8239684,53.64005100000213,3.063902999997481,43.26057900004798,5.945174000089537,0.6702340000401819,52.93989000017518
376,1780947669.8763244,51.560162999976455,3.4381309999389487,41.71040500000345,6.317587000012281,0.6048250000958433,52.07094800005052
377,1780947669.9320548,57.818084000018644,7.862206000027072,41.915038999945864,5.036826000036854,0.614288000065244,55.428359000075034
378,1780947669.988994,55.68376899998384,3.371778999962771,45.197167999958765,7.288455999969301,0.7468649999964327,56.60426799988727
379,1780947670.045407,55.283666999912384,3.560262999940278,44.368575999897075,6.373457999984566,0.8845329999758178,55.18682999979774
380,1780947670.0976367,54.80293400000846,7.331937000003563,40.882701999976234,3.1753309999658086,0.5845830000907881,51.974553000036394
381,1780947670.150739,12.606247000007897,8.803388000046652,40.54610399998637,2.979087000085201,0.5746949999547724,52.903274000073
382,1780947670.2002792,47.01035999994474,5.794763000039893,40.17913400002726,2.7648980000094525,0.5788250000478001,49.31762000012441
383,1780947670.2544844,53.54121000004852,6.286642000077336,41.758345999937774,5.128103999936684,0.7133640000347441,53.88645599998654
384,1780947670.319278,53.89530799993736,7.061396000040077,44.736230000012256,11.926903000016864,0.6441220000397152,64.36865100010891
385,1780947670.3703938,53.89530799993736,3.8421010000320166,43.31831599995439,3.035273000023153,0.6010469999182533,50.796736999927816
386,1780947670.4220178,46.927839999966636,3.605245999892759,42.51880300000721,3.612523000015244,0.7348269999738477,50.47139899988906
387,1780947670.4757676,51.75910599996314,4.6445960000482955,42.18361199991705,5.9519700000691955,0.6204180000395354,53.400596000074074
388,1780947670.5268676,52.40026500007389,2.3859469999933935,42.7233249999972,5.091454999956113,0.5973800000447227,50.79810699999143
389,1780947670.5820804,53.75156499997047,5.489517999990312,43.823047000046245,4.9534900000480775,0.6128440001020863,54.87889900018672
390,1780947670.6350296,54.604487000005975,5.61037199997827,43.15866599995388,3.3254439999836904,0.5680089999486881,52.66249099986453
391,1780947670.6938713,55.96637999997256,2.114739000035115,48.68498099995122,7.114840999975058,0.6743630000300982,58.58892399999149
392,1780947670.7477,57.773299000018596,2.2432419999631747,42.17239000001882,8.49128999993809,0.6095840000170938,53.51650599993718
393,1780947670.8028183,49.60834700000305,2.3192239999616504,45.09280900003887,6.865558999948007,0.5942689999756112,54.87186099992414
394,1780947670.8545036,54.54468999994333,2.36798399998861,43.218056000000615,5.228290999980345,0.5913989999726255,51.405729999942196
395,1780947670.9102845,55.77258099992832,3.331943999910436,42.9505509999899,8.31710199997815,0.6054729999505071,55.20506999982899
396,1780947670.9668224,11.554525999940779,4.545742999994218,44.377574999998615,6.636500000013257,0.6141399999251007,56.17395799993119
397,1780947671.0247624,101.18906000002426,4.187440999999126,44.96241699996517,7.822685999940404,0.6130110000412969,57.585554999946
398,1780947671.0804775,51.31974099992931,4.819968999981938,44.4672390000278,5.468720000067151,0.6145659999674535,55.370494000044346
399,1780947671.135853,55.23541800005205,3.249572000072476,44.340458999954535,5.777354999963791,1.4120229999434741,54.779408999934276
400,1780947671.1894221,55.23541800005205,7.957113999964349,40.52783999998155,3.58711499995934,0.5869540000276174,52.65902299993286
401,1780947671.2407258,49.960995999981606,5.362089000072956,41.026885000064794,3.7146920000168393,0.5847319999929823,50.68839800014757
402,1780947671.2931054,48.32500700001674,3.9363619999903676,41.91569599993272,5.702798000015719,0.5974919999971462,52.152347999935955
403,1780947671.3430471,51.7269890000307,5.045693999932155,40.542210000012346,3.5444669999833422,0.5738620000101946,49.70623299993804
404,1780947671.399937,50.07362800006376,1.992310999980873,46.07965399998193,7.132174000048508,0.6851959999494284,55.88933499996074
405,1780947671.4531763,61.13483100000394,4.67354099998829,43.123845999957666,4.442592999907902,0.6195290000050591,52.85950899985892
406,1780947671.5095978,57.44212100000823,6.240381999987221,43.34933099994487,5.930228000011084,0.6053619999875082,56.12530299993068
407,1780947671.5665977,52.66465199997583,9.157152000057067,41.62796899993282,5.304365999904803,0.5959910000683522,56.68547799996304
408,1780947671.6244426,7.276325000020734,2.2053889999824605,45.67844400003196,9.099670000068727,0.6019359999527296,57.585439000035876
409,1780947671.676881,49.59378600005948,7.20184200008589,40.68956400010393,3.7294690000635455,0.5755829999998241,52.19645800025319
410,1780947671.7314074,53.68028000009417,3.9890849999437705,42.558707000011964,7.108950999963781,0.6232879999288343,54.28003099984835
411,1780947671.7881,59.99081100003423,2.21740699998918,44.909634999953596,8.716756000012538,0.5880649999880916,56.431862999943405
412,1780947671.8414009,47.90185100000599,3.4320940000043265,41.84326899996904,6.65918499998952,0.6077140000115833,52.54226199997447
413,1780947671.895474,55.399567999984356,5.27979100002085,42.98041800007013,4.9206560000811805,0.6138810000493322,53.794746000221494
414,1780947671.9510462,53.001843000060944,1.8929759999082307,44.986396000012974,7.793222000032074,0.685547999978553,55.35814199993183
415,1780947672.0106661,58.73916099994858,4.212421000033828,46.79718500005947,7.672311999954218,0.6225849999736965,59.304503000021214
416,1780947672.0680277,59.32605399993918,4.247921999990467,45.19502400000874,6.885780000061459,0.6796039999699133,57.00833000003058
417,1780947672.1206791,56.65752699997029,3.4239640000350846,42.74059399995167,5.649316000017279,0.5924729999833289,52.40634699998736
418,1780947672.1762977,57.12151700004142,7.971020000013596,41.093937999903574,3.7728400000105466,0.58280600001126,53.420603999938976
419,1780947672.229212,44.65462600001047,4.150290999973549,44.00044900000921,3.996807000021363,0.5657130000145116,52.713260000018636
420,1780947672.2797937,48.66467300007571,1.9004569999196974,41.95413699994788,5.5495920000794285,0.9627199999613367,50.36690599990834
421,1780947672.3379514,58.66098699993927,2.7154519999612603,49.44227900000442,5.084880000026715,0.6088990000989725,57.851510000091366
422,1780947672.3921971,52.930021999941346,4.840245999957915,43.0232100000012,5.520406000073308,0.6208620000052179,54.00472400003764
423,1780947672.4461708,58.73985799996717,5.753002000005836,42.14984400005051,4.696354999964569,0.5925469999965571,53.19174800001747
424,1780947672.4997532,58.73985799996717,6.747832999963066,42.106768999929045,3.7144870000247465,0.6720480000694806,53.24113699998634
425,1780947672.551495,50.418869000054656,1.8754940000462739,42.13360300002478,5.8988749999571155,0.8120690000623654,50.72004100009053
426,1780947672.6042285,49.61711499993271,7.460659999992458,41.01158399998894,3.47559400006503,0.5706760000521172,52.51851400009855
427,1780947672.6577268,54.06537400006073,3.9308059999711986,41.34123799997269,6.92317000005005,0.6628630000022895,52.85807699999623
428,1780947672.7196114,51.60612999998193,3.2853320000185704,43.864353000003575,13.638613999887639,0.6966780000539075,61.48497699996369
429,1780947672.7799628,63.376360999995995,6.003654999972241,43.5611450000124,8.705458999997973,1.6800829999965572,59.95034199997917
430,1780947672.837666,7.62182899995878,2.5419500000225526,43.599459999995815,10.63678700006676,0.5949540000074194,57.37315100009255
431,1780947672.8893564,49.20451600003162,3.487686999960715,41.7559299999084,5.485127000042667,0.6208810000316589,51.349624999943444
432,1780947672.9399343,52.21043500000633,2.0955160000539763,42.37105100003191,5.204307999974844,0.6296400000564972,50.30051500011723
433,1780947672.9911556,48.98156799993103,2.7670090000810887,41.83796799998163,5.7001860000127635,0.6317700000408877,50.93693300011637
434,1780947673.0446851,53.45595300002515,4.022381000027053,43.186283000068215,5.177455000080045,0.6085470000698479,52.99466600024516
435,1780947673.099796,57.479553999996824,6.476476999978331,44.241428999953314,3.42348200001652,0.6033619999925577,54.74474999994072
436,1780947673.1528199,56.060364000018126,1.967476999993778,43.493786999988515,5.67401900002551,1.672564999921633,52.807847999929436
437,1780947673.20727,50.23550900000373,3.7051719999681154,41.147915999999896,8.654179000018303,0.6380849999914062,54.14535199997772
438,1780947673.2625935,54.918549000035455,5.61383299998397,43.887776000019585,4.791930000010325,0.6310660000963253,54.924605000110205
439,1780947673.3161256,54.06957200000306,2.311907999910545,43.53486200000134,6.708683999931964,0.6451220000371904,53.20057599988104
440,1780947673.3668802,51.597402000084,5.217567000045165,41.11589600006482,3.545761999930619,0.5681760000015856,50.44740100004219
441,1780947673.4202533,56.15505099990514,2.114849999998114,43.96322200000213,6.146527000055357,0.9258479999516567,53.15044700000726
442,1780947673.4762404,51.378527999986545,3.104125000049862,46.787934000008136,5.172714999957861,0.615695000078631,55.68046900009449
443,1780947673.530416,51.378527999986545,5.627333000006729,43.29433999998855,4.344498000023123,0.6054360000007364,53.87160700001914
444,1780947673.583255,44.89231000002292,4.988656000023184,41.796111000053315,4.206032000070081,0.5826020000085919,51.57340100015517
445,1780947673.6394525,10.033571999997548,3.2046270000591903,44.54698999995799,7.42047400001411,0.7078639999917868,55.879955000023074
446,1780947673.691757,2.532115999997586,2.406575999998495,43.77045799992629,5.05867600008969,0.634917999946083,51.87062799996056
447,1780947673.7432897,51.49915900005908,4.495944000041163,41.42975299998852,4.696095999975114,0.6432889999814506,51.26508199998625
448,1780947673.7945375,50.001597999994374,2.191035999999258,42.475530000047,5.698112000004585,0.57613899991793,50.940816999968774
449,1780947673.850545,54.77180599996245,3.520927999943524,45.31574299994645,6.303362999915407,0.5981770000289544,55.73821099983434
450,1780947673.9044082,58.39125500006048,6.0201730000244424,41.73461100003806,4.469017999895186,0.6680849999156635,52.89188699987335
451,1780947673.966065,61.98184999993828,6.988336999938838,43.116040999962024,10.474560999909954,0.6839739999122685,61.262912999723085
452,1780947674.0250132,58.95242799999778,8.033371999999872,43.17791100004342,6.666757000061807,0.6307140000672007,58.5087540001723
453,1780947674.08048,52.35831700008475,3.514389999963896,43.75191700000869,7.141486999898916,0.5931759999384667,55.00096999980997
454,1780947674.132933,54.22440299992104,7.049688999927639,41.243098999984795,3.3524619999525385,0.5716199999596938,52.21686999982467
455,1780947674.1824327,49.539308000021265,1.640081999994436,41.41917499998726,5.438532999960444,0.7853829999930895,49.28317299993523
456,1780947674.2387989,53.00964200000635,3.0506420000619983,43.4071889999359,8.954700999993292,0.6235660000584176,56.036098000049606
457,1780947674.2936592,8.641270999987682,5.368568999983836,43.75932400000693,4.801264000093397,0.6031389999634484,54.53229600004761
458,1780947674.3522544,57.83198000005996,3.8606550000395146,49.13919000000533,4.708391000008305,0.6086579999191599,58.31689399997231
459,1780947674.4112966,54.49027700001352,7.381527999996251,42.01657400005843,8.231911999928343,0.6134719999408844,58.243485999923905
460,1780947674.4677956,58.4708789999695,4.730947999973978,46.76326200001313,3.974176000042462,0.6343989999777477,56.102785000007316
461,1780947674.5233746,53.71046800007662,1.9577169999820399,45.61894800008304,7.1061529999951745,0.6058059999531906,55.28862400001344
462,1780947674.5762997,55.392531999927996,5.101953000007597,41.52654699998948,5.338735999998789,0.6421030000183237,52.60933900001419
463,1780947674.6295428,52.22357299999203,2.9009180000230117,43.686322999974436,5.69627799995942,0.6028239999977814,52.88634299995465
464,1780947674.681983,52.22357299999203,8.271411999999145,40.7505159998891,2.4801520000892197,0.5680089999486881,52.070088999926156
465,1780947674.7324696,44.63124599999446,1.8764379999538505,41.663585999913266,5.802964999929827,0.5935289999570159,49.93651799975396
466,1780947674.7908924,58.04192800007968,3.9944730000343043,43.98703200001819,6.631311999967693,0.6326019999960408,55.24541900001623
467,1780947674.8452983,57.23613700001806,6.845167000051333,41.33126600004289,5.159565999974802,0.6933450000587982,54.02934400012782
468,1780947674.901376,57.23613700001806,2.2739260000435024,42.255373999978474,10.550727999998344,0.7352529999025137,55.815280999922834
469,1780947674.9618218,52.21733199994105,7.147541999984242,41.082835999986855,6.434976000036841,0.5934170000045924,55.25877100001253
470,1780947675.017395,52.21733199994105,2.175091000026441,43.93143799995869,8.443896000017048,0.7167160000562944,55.26714100005847
471,1780947675.0768237,69.25636700009363,2.360111999905712,40.40034000001924,5.440180000050532,0.7429190000038943,48.94355099997938
472,1780947675.1373677,60.7420579999598,3.951620000066214,40.56110199996965,3.540484000041033,0.7175490000008722,48.77075500007777
473,1780947675.1915774,55.54506600003606,3.6538179999752174,40.217687999984264,2.8642319999789834,0.6890480000265597,47.424785999965025
474,1780947675.2529519,64.34252399992602,1.3992819999657513,39.900387000102455,2.6469509999742513,0.568398999917008,44.515018999959466
475,1780947675.318172,61.66073899998992,3.327610000042114,40.99984900005893,3.115199000035318,0.5790650000108144,48.021723000147176
476,1780947675.3784337,62.51499400002558,1.3829670000404803,40.14766899990718,3.7060419999761507,0.5880659999775162,45.82474399990133
477,1780947675.4416401,62.03405999997358,1.6752310000356374,40.45941499998662,4.2016229999717325,0.5883060000542173,46.92457500004821
478,1780947675.5026965,61.7029069999262,1.8940490000431964,40.310966999982156,3.385202999993453,0.5787500000451473,46.16896900006395
479,1780947675.5667043,61.15573099998528,4.030250000027991,40.12176100002307,4.338644000085878,0.5988620000607625,49.0895170001977
480,1780947675.6273973,59.81971000005615,3.889247999950385,40.97833000002993,4.309625000018968,0.638992000062899,49.81619500006218
481,1780947675.6862955,60.33364400002483,2.8015269999741577,41.98475399994095,3.0476609999823268,0.5657689999907234,48.39971099988816
482,1780947675.744833,61.38349500008644,2.1958309999945413,39.83336799990411,2.9287139999496503,0.6127499999593056,45.57066299980761
483,1780947675.8070078,60.15504900005908,2.9769550000082745,39.80807100003858,3.9694160000181,0.6121950000306242,47.36663700009558
484,1780947675.867269,62.66703400001461,1.5711920000285318,39.732587999992575,3.185848000043734,0.6722509999690374,45.16187900003388
485,1780947675.9321756,63.450712999951975,1.7461579999462629,40.39054300005773,3.7822829999640817,0.6069360000537927,46.52592000002187
486,1780947675.997965,66.48646599990116,1.7146389999425082,40.36404299995411,3.132975999960763,0.583361999929366,45.795019999786746
487,1780947676.0665827,65.01962599998024,2.1434230000068055,40.68195199999991,5.655886999988979,0.8434590000661046,49.3247210000618
488,1780947676.1278775,61.73969799999668,1.5190060000804806,41.01190099993346,5.644313000061629,0.7562529999631806,48.93147300003875
489,1780947676.1911726,64.28949799999373,4.307625000024018,40.08842299992921,2.7811740000061036,0.5958609999652253,47.773082999924554
490,1780947676.25225,62.83847400004561,2.7732109999760723,39.720657999964715,2.9715669999177408,0.5724900000814159,46.037925999939944
491,1780947676.3160942,61.12257600000248,2.266610999981822,40.812120000055074,5.044562000080077,0.6256399999529094,48.74893300006988
492,1780947676.3752208,62.989385000037146,1.4194670000051701,39.923975999954564,3.0305669999961538,0.5829539999240296,44.95696399987992
493,1780947676.438398,61.315043000035985,1.369263000015053,39.94367999996484,4.876244999991286,0.5961030000207757,46.78529099999196
494,1780947676.5031626,66.50090400000863,1.7005079999989903,39.830511999980445,2.8272680000327455,0.5710650000310125,44.92935300004319
495,1780947676.5661085,61.90079299994977,3.192125999930795,39.68991699991875,2.484577000018362,0.5688059999329198,45.93542599980083
496,1780947676.6310143,63.62108000007538,1.5263200000390498,40.32588999996278,4.781687999980022,0.6022689999554132,47.23616699993727
497,1780947676.7011068,66.22845499998675,4.626259000019672,41.40318500003559,4.423330999998143,0.5798800000320625,51.03265500008547
498,1780947676.7643206,66.85770599995067,1.4717090000431199,40.90936199997941,4.424349000032635,0.6037870000454859,47.40920700010065
499,1780947676.82569,63.05710799995268,1.8324000000120577,39.93219800008774,3.335145999926681,0.5660829999669659,45.66582699999344
500,1780947676.8891559,63.887380999972265,1.6509900000301059,39.67680499999915,3.3165539999799876,0.5835460000298553,45.2278950000391
501,1780947676.9530683,64.09653200000776,1.6425630000185265,39.646804999961205,2.764952000006815,0.5674349999935657,44.62175499998011
502,1780947677.016463,60.41313900004752,1.4648760000000038,41.24425500003781,4.571757999997317,0.6032320000031177,47.88412100003825
503,1780947677.0694156,53.416450999975496,3.6819850000711085,39.92858399999477,2.858564000007391,0.5587310000692014,47.02786400014247
504,1780947677.1261487,57.094339000059335,1.6678230000479743,40.73876199993265,3.748707999989165,0.7906979999461328,46.94599099991592
505,1780947677.1826186,50.085505000083685,1.6804339999225704,41.73774200000935,6.006132999914371,3.7517449999313612,53.17605399977765
506,1780947677.236243,45.39891199999602,3.0243449999716177,41.423606999956064,3.4240170000430226,0.6091029999879538,48.48107199995866
507,1780947677.2909446,55.016713999975764,5.484402999968552,42.02852499997789,6.033725999941453,0.5916390000493266,54.13829299993722
508,1780947677.3448205,53.70145200004117,8.119389000057708,41.796890999989955,3.0933460000142077,0.647102999892013,53.656728999953884
509,1780947677.4012952,57.76942400007101,3.376108999987082,41.71874200005732,10.450055999967844,0.67752899997231,56.222435999984555
510,1780947677.4573805,51.48176799991688,4.8699300000407675,44.55423100000644,5.560089000027801,0.6001950000609213,55.58444500013593
511,1780947677.512218,56.27286300000378,6.768886000031671,40.97471099998984,6.017984999971304,0.6231389999129533,54.38472099990577
512,1780947677.5678682,56.58679399994071,7.9989429999614,42.90246400000797,3.8076349999300874,0.6087140000090585,55.31775599990851
513,1780947677.6200197,50.26645199995983,1.9587719999663022,43.62760500009699,5.686516999958258,0.6161950000205252,51.88908900004208
514,1780947677.67414,56.86992799996915,5.252417999940917,44.680511000024126,3.3740170000555736,0.5674720000570233,53.87441800007764
515,1780947677.7321925,56.017247999989195,7.403543999998874,45.59352499995839,4.1285480000397,0.6653809999761506,57.790997999973115
516,1780947677.78575,56.017247999989195,5.665461000035066,41.43742199994449,5.268288000024768,0.5981759999258429,52.96934699993017
517,1780947677.844604,4.682241000068643,3.3735719999867797,46.47392900005798,6.0410959999899205,0.6094730000540949,56.498070000088774
518,1780947677.8968832,50.27982299998257,4.996597999934238,42.315881000035915,4.024694000008822,0.6707889999688632,52.00796199994784
519,1780947677.9481633,48.60970400000042,1.707971999962865,41.0748980000335,7.378562999974747,0.7551229999762654,50.91655599994738
520,1780947677.9992614,55.83522599999924,5.193565000013223,41.59866500003773,3.448333000051207,0.5669170000146551,50.80748000011681
521,1780947678.0505886,51.47018900004241,1.8970490000356222,42.38837800005513,6.1557269999639175,0.6213799999841285,51.062534000038795
522,1780947678.1049466,49.20678300004511,3.665353999963372,44.56828200000018,5.192211999997198,0.6057680000139953,54.03161599997475
523,1780947678.1558633,55.47138199995061,6.319229999917297,40.507032999926196,3.2140889999254796,0.6220100000291495,50.66236199979812
524,1780947678.212702,59.42407399993499,3.694873999961601,44.609190000073795,7.362820000025749,0.8185870000261275,56.48547100008727
525,1780947678.2651587,48.34032400003707,5.331824999984747,41.530253000019,4.707630999973844,0.5869539999139306,52.15666299989152
526,1780947678.3202572,55.0931910000827,1.9622350000645383,44.80154600003061,7.370561000016096,0.6441589999894859,54.77850100010073
527,1780947678.3737319,52.50116800004889,3.4765180000704277,42.826922000017476,6.131449000008615,0.694678000058957,53.129567000155475
528,1780947678.4277127,51.96839999996428,2.2028130000535384,42.99134999996568,7.862921000082679,0.6570660000306816,53.71415000013258
529,1780947678.4789042,55.205655000008846,5.2609169999868755,42.27283800003079,2.8601380000736754,0.5660649999299494,50.95995800002129
530,1780947678.5344687,51.164368999934595,2.2161649999361543,42.914052000014635,9.616597999979604,0.6028620000506635,55.34967699998106
531,1780947678.5877035,57.43459800009987,6.497196000054828,41.370842999981505,3.406573000006574,1.638210999999501,52.91282300004241
532,1780947678.6409807,7.325376000039796,3.8925989999825106,41.76068300000679,6.648661999975047,0.6629549999388473,52.9648989999032
533,1780947678.6961596,102.39201699994283,3.7748560000636644,42.83664399997633,7.559157999935451,0.6373989999701735,54.80805699994562
534,1780947678.7545252,47.61451700005637,9.281425000040144,42.59776999992937,5.402548999995815,0.7431230000065625,58.02486699997189
535,1780947678.8159869,55.98433500006195,3.6093349999646307,44.28340800006936,12.303676999977142,0.7244560000572164,60.92087600006835
536,1780947678.8728712,64.09614799997598,4.498460000036175,45.54731600001105,5.474698000057288,0.9557010000662558,56.47617500017077
537,1780947678.931851,58.32355699999425,7.82982800001264,45.305497999947875,4.693870999972205,0.7744189999812079,58.60361599991393
538,1780947678.9878757,57.40591200003564,6.608550000009927,42.14644800003953,6.278469999983827,0.6656770000290635,55.699145000062344
539,1780947679.041056,51.33718399997633,3.1165860000328394,42.86575300000095,6.311137000011513,0.6231209999896237,52.916597000034926
540,1780947679.093171,56.133109000029435,4.61914799996066,40.64284599996881,3.449665999937679,0.584619999926872,49.296279999794024
541,1780947679.141295,5.461474999947313,4.751759999976457,40.08159600005001,2.503244000081395,0.5739719999837689,47.91057200009163
542,1780947679.1917233,87.94898300004661,3.2525509999459246,41.493580999940605,4.7604270000647375,0.6783999999697699,50.18495899992104
543,1780947679.243698,55.93141999997897,2.448945999958596,42.368355000007796,6.2562290000869325,0.6411770000340766,51.7147070000874
544,1780947679.2939935,49.59317200007263,5.018374999963271,41.21542899997621,3.209846999993715,0.5761759999813876,50.019826999914585
545,1780947679.348464,7.747270999971079,5.712275000064437,42.47989399993912,5.2246569999852,0.7322520000343502,54.14907800002311
546,1780947679.4023378,3.777707999915947,6.135394000011729,42.474707999986094,4.416533000039635,0.5771759999788628,53.60381100001632
547,1780947679.456891,49.615951000077985,3.7162070000249514,44.49451800007864,5.453235000004497,0.6265099999609447,54.290470000069035
548,1780947679.5161364,61.579732000041076,12.209545000018807,40.67555000005996,5.521179999959713,0.5736200000683311,58.97989500010681
549,1780947679.5695593,53.77757200005817,2.1186630000329387,43.499576999920464,6.963906999999381,0.5741200000102253,53.15626699996301
550,1780947679.6244535,54.68191900001784,3.262866000000031,43.10945899999297,6.781737000096655,0.7702340000150798,53.92429600010473
551,1780947679.6780972,51.9538769999599,3.422127999897384,42.294465000054515,6.446436000032918,0.6258800000296105,52.78890900001443
552,1780947679.7344048,57.0578279999836,7.603194000012081,43.069180999964374,4.600943000014013,0.7272900000998561,56.000608000090324
553,1780947679.7901628,57.28679399999237,8.133462000046165,41.63591699989411,4.877318000012565,0.7166039999901841,55.36330099994302
554,1780947679.8470428,50.68759699997827,5.844962999958625,41.98257099994862,7.9838110000309825,0.7346230000848664,56.545968000023095
555,1780947679.902066,59.498754999935954,4.838169999970887,42.86606599998777,6.043095999984871,0.5948609999677501,54.342192999911276
556,1780947679.957698,2.144866999969963,5.928261000008206,42.74228600002061,5.54593999993358,1.1235729999725663,55.340059999934965
557,1780947680.0151613,55.14918599999419,4.362401999969734,44.30673700005627,7.545044000039525,0.6588620000229639,56.873045000088496
558,1780947680.0732093,58.62721699998019,3.9979330000505797,45.61104999993404,7.057813999949758,0.6614369999624614,57.32823399989684
559,1780947680.1316845,57.16687900007855,7.1906870000475465,42.05740100007915,6.001039000011588,2.938787000061893,58.18791400020018
560,1780947680.1867127,60.53996900004677,3.3424780000359533,43.78574299994398,6.677085999967858,0.8324949999405362,54.637801999888325
561,1780947680.2400024,49.8555240000087,3.6646309999923687,42.90543299998717,5.574679999995169,0.7553450000159501,52.90008899999066
562,1780947680.2918432,53.63837999993848,2.339036999956079,43.14308500011066,5.286212999976669,0.7830119999425733,51.55134699998598
563,1780947680.3511934,53.66834300002665,4.194694999910098,43.03406500002893,11.075488999949812,0.7458259999566508,59.05007499984549
564,1780947680.4081483,63.50081200002933,5.51378999989538,44.2571759999737,6.303672999933951,0.6017129999236204,56.67635199972665
565,1780947680.4684145,2.6544309999962934,4.758593999895311,43.76274300000205,10.34901399998489,0.675085000011677,59.545435999893925
566,1780947680.5197804,47.700600999974085,4.981466999993245,40.96838399993885,4.520200000001751,0.6391580000126851,51.10920899994653
567,1780947680.5729556,50.857002000043394,2.9170269999667653,42.481536999957825,6.852755999943838,0.625547000026927,52.876866999895356
568,1780947680.6286633,55.964489999951184,5.29554599995663,41.301963000023534,5.740478999996412,0.6422509999310932,52.98023899990767
569,1780947680.6831594,57.75683299998491,4.098694000049363,43.11743599998863,6.413655999949697,0.5915099999356244,54.22129599992331
570,1780947680.736415,52.73175399997854,8.261648000029709,40.808048000030794,3.0290660000673597,0.5677319999222163,52.66649400005008
571,1780947680.7874455,48.54431800004022,2.9009900000573907,41.94223299998612,5.189321999978347,0.7307700000183104,50.763315000040166
572,1780947680.8388252,53.387171999929706,6.5253239999947255,40.630711999938285,3.407350000088627,0.5700830000705537,51.13346900009219
573,1780947680.8906317,49.36527600000318,2.1355339999900025,42.789209000034134,6.091633000096408,0.5945830000655405,51.610959000186085
574,1780947680.943893,55.29814599992733,6.1480780000238155,41.62306099999569,4.591183000002275,0.6213059999709003,52.98362799999268
575,1780947681.0000186,53.297725999982504,4.0038409999851865,44.21021300004213,6.9939800000611285,0.6020280000029743,55.81006200009142
576,1780947681.051471,53.297725999982504,7.304429000100754,40.618893999976535,2.556614000013724,0.6520849999560596,51.13202200004707
577,1780947681.1028175,48.51835000010851,5.150951000018722,41.01839999998447,3.905338000095071,0.5601569999953426,50.6348460000936
578,1780947681.157768,49.427956000045015,2.978194999968764,44.15400400000635,6.597344000056182,0.6040100000745952,54.333553000105894
579,1780947681.2127867,15.565909999963878,9.533889999943312,40.540594999924906,3.999174000000494,0.6223060000820624,54.695964999950775
580,1780947681.2681518,4.257733000031294,6.2776350000604,42.86102100002154,5.347897999968154,0.5788050000319345,55.065359000082026
581,1780947681.3229396,55.89405799992164,2.1536819999710133,42.70870400000604,9.036121999997704,0.5956950000154393,54.49420299999019
582,1780947681.3792584,50.47795500001939,3.1879750000598506,45.44141299993498,6.838237000010849,0.5955830000630158,56.0632080000687
583,1780947681.4362166,57.18642900001214,4.876613999954316,44.386821999978565,6.735660000003918,0.6251030000612445,56.62419899999804
584,1780947681.4938533,58.61573000004228,9.047716000054606,41.929117999984555,5.663124999955471,0.5886950000331126,57.228654000027745
585,1780947681.5522864,57.86199600004238,3.8658940000004804,46.47622500010584,7.21883500000331,0.6235839999817472,58.18453800009138
586,1780947681.6065729,57.817032000002655,7.780825000054392,41.07043800001975,4.525421999915125,0.6431399999655696,54.019824999954835
587,1780947681.6604526,48.408885999947415,2.1714419999625534,42.570404999992206,8.001569000043673,0.6455839999262025,53.388999999924636
588,1780947681.71719,58.62485900001957,5.91668499998832,43.58971699991798,6.266374999995605,0.6132869999646573,56.386063999866565
589,1780947681.7693973,44.655808000015895,5.727885999931459,40.99762099997406,4.648164999935034,0.5693419999488469,51.9430139997894
590,1780947681.8219354,44.655808000015895,2.446464000058768,40.618616000074326,8.552170999905684,0.6379730000389827,52.25522400007776
591,1780947681.8787508,47.497370999963096,5.615975999944567,42.0461379999324,3.455683999959547,0.5646939999905953,51.68249199982711
592,1780947681.9326317,57.17224400007126,4.6505540000225665,42.30815999994775,6.110669999998208,0.6024169999818696,53.67180099995039
593,1780947681.9848118,51.02801800001089,5.879240000012942,41.259663000005276,4.189658000086638,0.5777309999075442,51.9062920000124
594,1780947682.0400805,51.95853000009265,4.973930000005566,42.288842999937515,6.244819000016832,0.6223980000186202,54.129989999978534
595,1780947682.093981,52.06682599998658,4.081359999986489,43.22028199999295,5.658829000026344,0.5905090000624114,53.55098000006819
596,1780947682.1468537,56.31035500005055,7.143351000081566,41.90892700000859,3.0081939999035967,0.5754159999469266,52.63588799994068
597,1780947682.2037601,50.65159999992375,2.3550729999897158,44.869881000067835,8.392464000053224,0.999182000100518,56.61660000021129
598,1780947682.262432,61.82970000008936,5.399065000005976,44.42222600005152,7.849824999993871,0.6269719999636436,58.298088000015014
599,1780947682.318674,56.1136119999901,3.5564439999689057,44.99034599996321,6.719660000044314,0.6253249999872423,55.89177499996367
600,1780947682.3744845,60.07576500007872,4.9213730000019495,42.15009799997915,6.295652999938284,0.601453999934165,53.96857799985355
601,1780947682.4284778,48.098967999976594,2.4260740000272563,43.221689000006336,7.435986000018602,0.610139000059462,53.693888000111656
602,1780947682.4853745,64.45372200005295,2.1787009999343354,45.254165000073954,8.412631000055626,0.7262149999860412,56.571712000049956
603,1780947682.5429783,50.9061230000043,3.614259999949354,48.03980100007266,4.872593999948549,0.6760100000064995,57.20266499997706
604,1780947682.5967064,53.98241099999268,2.7487830000154645,44.02301599998282,5.979037999964021,0.6038059999582401,53.35464299992054
605,1780947682.6484613,55.504602000041814,6.276115999980902,40.44966399999339,4.030783999951382,0.6665849999762941,51.42314899990197
606,1780947682.7008336,55.504602000041814,2.611928999954216,42.81970099998489,6.164966000028471,0.5942129999993995,52.190808999966976
607,1780947682.7544842,47.68405500010431,4.328401000066151,42.20832199996494,5.526364000047579,0.6109910000304808,52.67407800010915
608,1780947682.8164594,58.54116699993028,4.5166620000145485,49.292264000087016,6.8771630000128425,0.6008420000398473,61.286931000154254
609,1780947682.87485,57.683932000031746,3.7016500000390806,45.55857700006527,8.227720000036243,0.5913789999567598,58.07932600009735
610,1780947682.9363236,53.109157999983836,2.8515630000356396,43.6190660000193,12.527212999998483,1.3065210000604566,60.30436300011388
611,1780947683.0002675,62.65641599998162,7.459412000002885,48.33610100001806,6.18418900000961,0.6283060000669138,62.60800800009747
612,1780947683.0657148,59.03963299999759,5.3045450000581695,55.75167400002101,3.53677600003266,0.5771380000396675,65.17013300015151
613,1780947683.1242716,67.17325800002527,2.0514569999932064,43.101794000108384,12.520619000042643,0.6201029999601815,58.293973000104415
614,1780947683.1814797,49.89406500010318,2.8331360000493078,42.64363899994805,10.805870000012874,0.6554909999749725,56.93813599998521
615,1780947683.2398474,47.79412600009891,5.375471999968795,47.6549199998999,4.08954400006678,0.6396769999810203,57.7596129999165
616,1780947683.297528,58.380048000003626,7.719137999970371,44.13160700005392,4.955595000069479,0.6130280000888888,57.41936800018266
617,1780947683.3483546,58.380048000003626,5.4874729999028204,41.43652799996289,2.8343950000362383,0.7785860000240064,50.536981999925956
618,1780947683.4069517,49.8518790000162,3.9588200000935103,44.05004900002041,7.283131000008325,0.6197510000447437,55.91175100016699
619,1780947683.4615004,52.62884900002973,3.182530999993105,42.184038999948825,8.209311999962665,0.630528000101549,54.206410000006144
620,1780947683.5185132,60.02449999994042,9.539277000044422,42.35713500008842,4.029209999998784,0.5796199999394958,56.50524200007112
621,1780947683.5695944,54.87917900006778,2.2027559999742152,42.756344000054014,5.311749000043164,0.5765829999972993,50.84743200006869
622,1780947683.6198053,47.69466100003683,5.065337000019099,40.705756999955156,3.6155750000261833,0.6131210000148712,49.99979000001531
623,1780947683.6738827,51.04160199994112,4.324251999946682,44.20149600002787,4.650108999953773,0.5888609999828986,53.76471799991123
624,1780947683.7280695,56.02780799995344,5.879498000012973,43.24329700000362,3.922504999991361,0.7660670000859682,53.811367000093924
625,1780947683.7829373,57.16534399994089,4.992390999973395,43.775841000069704,5.20167299998775,0.5912309999303034,54.56113599996115
626,1780947683.8361247,8.827155000062703,5.205949999890436,40.98855799998091,5.979314999990493,0.636510000049384,52.810332999911225
627,1780947683.8948634,6.9876449999810575,4.159268000080374,43.98473300000205,9.647520000044096,0.6268239999371872,58.41834500006371
628,1780947683.9495213,58.75036800000544,3.9165790000197376,42.673695000075895,3.8643930000716864,0.5930460000627136,51.04771300023003
629,1780947684.0028338,49.901657999953386,3.7351500000113447,43.522096999936366,5.164487000001827,0.6179730000894779,53.039707000039016
630,1780947684.0571237,54.42559400000846,4.87694499997815,43.17877299990869,5.317156000046452,0.6394549999413357,54.012328999874626
631,1780947684.1124036,56.77366599991274,8.066327000051388,41.86949300003562,4.300546999957078,0.5822489999900426,54.818616000034126
632,1780947684.1686275,54.50440899994646,4.686590000005708,44.22438200003853,6.442395000021861,0.6276020000086646,55.980969000074765
633,1780947684.2233274,56.619181999963075,3.029491000006601,45.251470999915,5.435305000105473,0.6223059999683755,54.33857299999545
634,1780947684.2774408,51.663791999999376,4.804944000056821,42.307499999992615,5.936331000043538,0.640675999989071,53.689451000082045
635,1780947684.332757,60.4501299999356,5.0414109999792345,44.826872000044204,4.482494999933806,0.6717140000773725,55.02249200003462
636,1780947684.3849597,48.420334999946135,5.898089999959666,42.308091999984754,3.1801220000033936,0.5917679999356551,51.97807199988347
637,1780947684.4435709,54.81624699996246,5.142374999991262,43.951859000003424,8.581501999969987,0.6097130000171092,58.28544899998178
638,1780947684.4962425,43.21944000002986,3.5897960000284,42.88656500000343,5.204598999966947,0.6139540000731358,52.29491400007191
639,1780947684.5549445,60.069179000038275,4.216360999976132,43.13884699990922,7.39648399996895,0.71799199997713,55.46968399983143
640,1780947684.6147852,50.475550999976804,3.2552900000837326,47.610229999918374,7.9167510000388575,0.625712999976713,59.40798400001768
641,1780947684.6741507,60.01017799997044,4.082748000087122,44.53342299996166,8.46448100003272,1.7842500000142536,58.86490200009575
642,1780947684.73034,59.88082499993652,4.458086999989064,43.93717300001754,6.69784299998355,0.7095659999549753,55.802668999945126
643,1780947684.7890475,60.95035999999254,4.4506049999881725,46.61588099997971,6.690788000014436,0.5867859999852953,58.34405999996761
644,1780947684.8453143,51.69732899992141,5.932795000035185,42.883972000026915,6.564415000070767,0.6071579999797905,55.98834000011266
645,1780947684.9019017,4.733590999990156,3.208678999953918,43.05104799993842,9.454940999944483,0.6009720000292873,56.31563999986611
646,1780947684.9568844,59.2128700000103,3.072918000043501,41.174187000024176,9.814019999907941,0.6151199999067103,54.67624499988233
647,1780947685.0126574,47.88741900006244,4.007505999993555,41.15492699997958,9.623682999972516,0.6784909999169031,55.46460699986255
648,1780947685.0762634,61.90425800002686,3.5116830000561094,47.67539299996315,11.437396000019362,0.5924350000441336,63.216907000082756
649,1780947685.1315427,63.27446400007375,3.0864360001032765,42.46461000002455,8.742669999946884,0.7110480000847019,55.00476400015941
650,1780947685.1894534,56.50573100001566,10.063819999913903,41.20020199991359,4.965149999975438,0.6110470000066925,56.84021899980962
651,1780947685.243574,52.567318999990675,2.9021739999279816,43.39367900001889,6.956124999987878,0.6295279999903869,53.88150599992514
652,1780947685.296025,50.4079529999899,2.011105000065072,42.44283100001667,6.826307999972414,0.7723449999730292,52.05258900002718
653,1780947685.3490272,53.93865500002448,1.982697000016742,40.83321400003115,9.193713999934516,0.6225280000080602,52.63215299999047
654,1780947685.4018078,53.93865500002448,2.3579429999927015,41.62417100008042,7.757246999972267,0.6841959999519531,52.423556999997345
655,1780947685.456229,1.181072999997923,7.6593940000293514,40.610044000004564,3.5248689999889393,0.6233619999420625,52.41766899996492
656,1780947685.5137472,53.4949630000483,6.049869999969815,42.323718000034205,8.15642099996694,0.6332140000040454,57.163222999975005
657,1780947685.5698357,54.04160100010813,2.1452539999700093,42.54257399998096,10.525049000079889,0.589119999972354,55.80199700000321
658,1780947685.6232271,57.07649900000433,4.707960000018829,42.38953499998388,5.346228999997038,0.6251940000083778,53.068918000008125
659,1780947685.6758528,51.72423199996956,2.251608999927157,41.36814899993624,7.978769000033026,0.713751999910528,52.31227899980695
660,1780947685.7330515,58.81658099997367,4.292250000048625,44.81519999990269,7.068348000075275,0.6421950000685683,56.81799300009516
661,1780947685.7890494,52.07706999999573,3.3878110000387096,43.29734500004179,8.355053000059343,0.5943609999121691,55.63457000005201
662,1780947685.8419127,55.66620000001876,3.9331149999952686,42.05654800000502,5.8026990000144,0.7153069999503714,52.50766899996506
663,1780947685.8932111,52.467761999992035,2.428703999953541,40.81593600005817,7.080701000063527,0.612121000017396,50.93746200009264
664,1780947685.9455342,54.03434100003324,6.014850999918053,42.590277999920545,2.8508030000011786,0.5676929999935965,52.02362499983337
665,1780947686.0002594,50.53128800000195,2.9233959999146464,45.751641000038035,5.197338000016316,0.6182500000022628,54.49062499997126
666,1780947686.0536172,15.855056000077639,2.483908000044721,46.30744200005665,3.6076659999935146,0.6492689999504364,53.048285000045325
667,1780947686.1115732,52.733928000066044,7.697153999970396,42.56412500001261,6.468839000035587,0.9332540000741574,57.66337200009275
668,1780947686.1676526,54.22256200006359,2.934396000000561,44.73569499998575,7.4278160000176285,0.6724169999188234,55.770323999922766
669,1780947686.2221146,55.04862899999807,2.615243000036571,41.02030600006401,9.880983000016386,0.642176999917865,54.15870900003483
670,1780947686.2734091,50.04501700000219,2.093958000045859,41.02651000005153,7.036606000042411,0.7512519999863798,50.90832600012618
671,1780947686.3275318,52.219568000055006,3.077028000006976,40.8188029999792,9.281639999926483,0.708270000018274,53.88574099993093
672,1780947686.3791096,54.66486399996029,3.572609000002558,41.28947699996388,5.828884999914408,0.6139350000466948,51.30490599992754
673,1780947686.4370854,61.20520399997531,4.11465499996666,44.897253999920395,8.048862999999074,0.5963799999335606,57.65715199981969
674,1780947686.4898496,49.76832700003797,4.181064000022161,42.62921899999128,5.035945999907199,0.5914909999091833,52.437719999829824
675,1780947686.5454206,58.660572999997385,8.046882000030564,43.43854600006125,3.301772999975583,0.5722680000417313,55.35946900010913
676,1780947686.6007833,52.076788000022134,1.9325109999499546,46.71246600003087,5.828977000078339,0.6845660000180942,55.15852000007726
677,1780947686.6534133,51.2459609999496,2.107068999976036,41.11086299997169,8.556148000025132,0.6172309999783465,52.3913109999512
678,1780947686.7106667,57.95922899994821,4.585605999977815,44.21377999995002,7.382055999983095,0.7048989999702826,56.88634099988121
679,1780947686.766401,57.99113699993086,2.4194259999603673,44.830789999991794,7.504650999976548,0.6595649999781017,55.41443199990681
680,1780947686.8242254,51.555946999997104,3.1907140000839718,43.7289400000509,9.205621000091924,1.3951689999203154,57.52044400014711
681,1780947686.8772674,51.555946999997104,4.047783000032723,41.014231999952244,6.96173500000441,0.6022690000691,52.62601900005848
682,1780947686.933934,60.64930600007301,3.5259240000868886,42.15708300000642,2.9632669999273276,0.5772680000291075,49.22354200004975
683,1780947686.989835,48.47303000008196,2.698651999935464,43.881349000002956,7.66719099999591,0.59608300000491,54.84327499993924
684,1780947687.0432973,56.50729599994975,2.180162000058772,42.714476000014656,6.890140999985306,0.6315839999615491,52.41636300002028
685,1780947687.103514,55.69230100002187,6.051887000012357,47.08122700003514,6.15340699994249,0.6287690000590374,59.915290000049026
686,1780947687.1564562,52.677440000024944,2.7915790000179186,41.0891179999453,8.184918999972979,0.6218240000634978,52.6874399999997
687,1780947687.2209518,8.065362000024834,12.835674999905677,43.823473999964335,6.946437999999944,0.6118430000014996,64.21742999987146
688,1780947687.278115,56.763723999893045,10.743402999992213,41.61069999997835,3.811464999898817,0.5927490000203761,56.75831699988976
689,1780947687.3349347,55.73972700005925,4.25315600000431,44.08112600003733,7.477705000042079,0.5876569999827552,56.39964400006647
690,1780947687.3862123,50.80515299994204,3.5663129999647936,41.71457199993256,5.09889199997815,0.6219910000027085,51.00176799987821
691,1780947687.4386187,54.514801999971496,3.2195109999975102,42.07341100004669,6.18590800002039,0.6249909999951342,52.103821000059725
692,1780947687.4933999,53.379951000010806,3.8779469999781213,44.13649699995403,5.86306999991848,0.5993610000132321,54.47687499986387
693,1780947687.5446544,50.28646099992784,2.421961999971245,41.04361700001391,6.7798979999906805,0.6842889999916224,50.92976599996746
694,1780947687.598612,54.90017799991165,4.248193999956129,45.14823499994236,3.6472030000140876,0.5933790000653971,53.637010999977974
695,1780947687.6537662,48.60139800007346,2.2829050000154893,41.779443000109495,10.135429999991175,0.6030639999607956,54.800842000076955
696,1780947687.7071896,57.791350999991664,4.859313999986625,40.94009699997514,6.552542999997968,0.8223830000133603,53.17433699997309
697,1780947687.7634761,59.867456000006314,5.199985999979617,43.8377699999819,6.067073000053824,0.7678819999910047,55.87271100000635
698,1780947687.8178961,55.217978999962725,6.800472999998419,41.51417999992191,5.18474500006505,0.6153429999358195,54.114740999921196
699,1780947687.871542,49.31874199996855,2.8348760000653783,43.15025999994759,6.617876999939654,0.6846769999810931,53.28768999993372
700,1780947687.9279382,3.805853000017123,2.8259870000511,41.89412999994602,9.86516600005416,0.64562099998966,55.23090400004094
701,1780947687.9791136,48.80102999993596,2.1438279999301812,41.89048199998524,6.231742000068152,0.608102000001054,50.87415399998463
702,1780947688.039688,51.96822499999598,2.152994999960356,42.713196000022435,14.767091000067012,0.6577880000122605,60.291070000062064
703,1780947688.099279,66.96951999992962,3.5588309999639023,49.686834999988605,5.456822000041939,0.5771759999788628,59.27966399997331
704,1780947688.1560705,61.577402000011716,6.423688999916521,43.088292999982514,6.342484000015247,0.6107680000013715,56.465233999915654
705,1780947688.215317,55.59329400000479,3.7621490000674385,42.25353900005757,12.343239999950129,0.5879349999986516,58.94686300007379
706,1780947688.2705624,53.493837000019084,1.953083999978844,41.74014200009424,10.625806999996712,0.5992129999867757,54.91824600005657
707,1780947688.3254573,55.936205999955746,5.117909999967196,42.44065299997146,6.402374000003874,0.6206580000025497,54.58159499994508
708,1780947688.3807354,3.6206089999950564,3.506089000097745,42.471598000020094,8.384478000039053,0.6164170000602098,54.9785820002171
709,1780947688.4353647,53.16027700007453,5.263466999963384,43.72094999996534,4.766867000057573,0.5757499999390348,54.327033999925334
710,1780947688.4858787,55.32571600008396,1.9427690000384246,40.84068399993157,6.044478999911007,1.4562620000333482,50.28419399991435
711,1780947688.5371773,45.86616699998558,3.486626999915643,42.48246800000288,4.4505300000992065,0.595322999970449,51.01494799998818
712,1780947688.5894659,50.97294699999111,2.7575599999636324,41.75569799997447,6.886955000027228,0.600102000021252,52.000314999986585
713,1780947688.6460638,58.026867999956266,2.3863870000013776,43.89673000002858,9.477715999992142,0.593285999912041,56.354118999934144
714,1780947688.6996753,50.838371000054394,2.518556000040917,43.034180000063316,6.983955999999125,0.7421589999694334,53.27885100007279
715,1780947688.7520912,51.561678000098254,1.9824749999770575,42.090295999969385,7.178904000056718,0.773066999954608,52.02474199995777
716,1780947688.8058522,57.190891999994165,5.323135000026014,41.92744200008747,5.498157000033643,0.6268980000641022,53.375632000211226
717,1780947688.8635414,58.06370099992364,6.762934999983372,46.28761799995118,3.702406999991581,0.6601019999834534,57.41306199990959
718,1780947688.9194555,55.83403800005726,4.5485869999311035,44.17903099999876,6.2106670000048325,0.6295460000274034,55.5678309999621
719,1780947688.975972,56.39617700001054,3.444161999937023,45.37399399998776,6.84293599999819,0.6248990000585763,56.28599099998155
720,1780947689.02685,51.00226100000782,2.3140160000139076,41.24446700006956,6.404058000043733,0.6027499999845531,50.565291000111756
721,1780947689.0817895,54.78557300000375,2.4347400000124253,46.73226900001737,4.73925500000405,0.7116210000503997,54.61788500008424
722,1780947689.1378264,55.94253500009927,6.868935999932546,42.88415600001372,5.421043000069403,0.5969349999759288,55.771069999991596
723,1780947689.191114,51.92728999998053,3.2074549999379087,43.6340559999735,5.645065000067007,0.5816569999979038,53.06823299997632
724,1780947689.2424023,51.70934199998101,2.389258000107475,42.01606900005572,6.012348000012935,0.6032490000507096,51.02092400022684
725,1780947689.294932,52.50728099997559,3.29323400001158,42.69272700003057,5.438544000071488,0.8025490000136415,52.22705400012728
726,1780947689.3472424,52.67226399996616,4.019485999947392,40.50621300007151,6.759490000035839,0.6879539999999906,51.97314300005473
727,1780947689.399478,55.57693700006894,1.9880669999565725,41.4825049999763,7.560722999983227,0.7056399999783025,51.7369349998944
728,1780947689.4568686,52.594726000052106,2.8773760000149196,48.65001899997878,4.380620999995699,0.65228800008299,56.56030400007239
729,1780947689.5136352,55.65680799998063,4.71506999997473,41.478265000023384,9.588180000037028,0.6120640000517596,56.3935790000869
730,1780947689.5726647,60.50078800001302,9.214211000085015,43.450238999980684,5.510137000101167,0.5827859999953944,58.75737300016226
731,1780947689.6292515,60.63112300000739,4.878738999991583,45.244802000070194,5.6026949999932185,0.6013050000319708,56.32754100008697
732,1780947689.681078,46.48494999992181,2.245589000040127,43.179770999927314,5.4037659999721654,0.683250999941265,51.51237699988087
733,1780947689.736192,54.91465000000062,2.3096269999314245,45.73355000002266,5.681029000015769,1.019181999936336,54.74338799990619
734,1780947689.7893198,57.59559600005559,7.195385000045462,41.706322999971235,3.2897890000640473,0.5778789999340006,52.769376000014745
735,1780947689.8392334,46.83778900005109,1.7538959999683357,40.660029999912695,6.678284999907191,0.6029529999977967,49.69516399978602
736,1780947689.8922148,55.66338299991003,2.0915309999054443,43.391699999915545,6.635449999976117,0.5803980000109732,52.69907899980808
737,1780947689.9461,51.11207499999182,1.7372300000033647,42.26814599996942,9.022985999990851,0.5923600000414808,53.62072200000512
738,1780947689.9991052,52.81822899996769,2.211939999938295,42.04862500000672,6.616134999944734,1.7653959999961444,52.642095999885896
739,1780947690.0535667,52.80078099997354,3.347308999991583,42.3746440000059,7.437461999984407,0.6905839999262753,53.849998999908166
740,1780947690.1064315,56.24342399994475,4.245932999992874,40.32068799995159,7.3742949999768825,0.6137679999937973,52.55468399991514
741,1780947690.1575525,48.90827799999897,1.7997310000055222,41.758875999903466,6.4944480000121985,0.7499739999730082,50.803028999894195
742,1780947690.2125843,52.80335399993419,3.4059949999800665,41.32529499997872,9.269711000001735,0.6703620000507726,54.6713630000113
743,1780947690.2729025,62.32156800001576,4.745978000073592,44.34052500005237,10.249446999978318,0.6261019999556083,59.962052000059884
744,1780947690.3332474,61.26297900004829,7.083253000018885,46.39283300002717,5.9146240000700345,0.6161750000046595,60.00688500012075
745,1780947690.388672,44.571380999968824,7.5633339999967575,42.02960199995687,4.20698799996444,0.6527509999614267,54.45267499987949
746,1780947690.4455354,57.55581300002177,1.8290279999746417,43.0493580000757,11.13992299997335,0.6314350000593549,56.64974400008305
747,1780947690.4995384,53.805979999992815,3.837112000041998,40.79821400000583,8.478754999941884,0.6321580000303584,53.74623900002007
748,1780947690.5516338,48.48849399991195,2.3039040000867317,42.20899399990685,6.72387700001309,0.6076199999824894,51.84439499998916
749,1780947690.6015751,48.48849399991195,2.3223670000334096,40.75130599994736,5.986051000036241,0.6015089999209522,49.661232999937965
750,1780947690.6601405,53.405251000071985,3.909131999989768,42.82177999994019,9.51417799990395,0.7018989999778569,56.946988999811765
751,1780947690.714804,52.01771200006533,3.6193309999816847,44.957311999951344,5.105315999912818,0.6284720000166999,54.31043099986255
752,1780947690.773865,65.06347999993523,4.945628999962537,47.53481400007331,5.664676000037616,0.5837679999558532,58.72888700002932
753,1780947690.8290584,55.747193999991396,4.868738999903144,41.76456200002576,7.646390999980213,0.5869159999747353,54.866607999883854
754,1780947690.8817306,52.2729580000032,3.8428159999739364,41.44829699998809,6.495687999972688,0.6587130000070829,52.445513999941795
755,1780947690.9367466,51.3390180000215,2.097159999948417,42.39538500007711,9.629401999973197,0.6387500000073487,54.760697000006076
756,1780947690.9903643,52.72377899996172,3.3800130000827266,40.340485000001536,9.006466999949225,0.5954900000233465,53.322455000056834
757,1780947691.047078,58.10815100005584,5.047852000075181,44.074220999959834,6.29788899993855,0.9819590000006428,56.40192099997421
758,1780947691.099509,48.31539399992835,2.174605999925916,41.752779000034934,7.520481000028667,0.6828429999359287,52.130708999925446
759,1780947691.1540449,55.83735699997305,3.130137999960425,40.86432200006129,9.646567000004325,0.6026940000083414,54.243721000034384
760,1780947691.2084324,55.863561000023765,4.317692999961764,43.505990999960886,5.529876999958105,0.6262129999186072,53.97977399979936
761,1780947691.2660158,56.78970400003891,7.170975999997609,44.0069979999862,5.4511920000095415,0.5941389999861713,57.22330499997952
762,1780947691.3197985,54.25470399995902,3.2992149999699905,43.27728299995215,6.171552999944652,0.6141950000255747,53.362245999892366
763,1780947691.372088,52.85251700001936,3.5178480000013224,42.69683099994381,5.10829699999249,0.6324909999193551,51.95546699985698
764,1780947691.4291506,58.236243999999715,4.3486929999971835,42.52186500002608,9.103597000034824,0.797455999986596,56.771611000044686
765,1780947691.4819016,51.84450199999446,2.348015999928066,41.45934899997883,8.0723589999252,0.5912309999303034,52.4709549997624
766,1780947691.5348155,49.7210810000297,2.0722719999639594,45.266793999985566,4.75399600009041,0.5810079999264417,52.67406999996638
767,1780947691.5894015,58.33028299991838,5.3760790000296765,42.48903200004861,5.730510000034883,0.7069539999520202,54.30257500006519
768,1780947691.6430523,51.7631860000165,3.7339809999821227,42.798645999937435,6.2217020000616685,0.6007119999367205,53.35504099991795
769,1780947691.7004626,55.52537100004429,2.3967759999550253,44.1089619999957,9.93542300000172,0.6316389999483363,57.07279999990078
770,1780947691.7542813,58.32787500003178,3.104156999938823,43.70371499999237,6.065589000058935,0.6115089998957046,53.484969999885834
771,1780947691.8119905,8.974223999985043,6.038236999984292,40.27492499994878,10.18900200006101,0.8241049999924144,57.326268999986496
772,1780947691.8652995,55.457165999996505,3.3918829999493028,44.40144800003054,4.5680859999492895,0.6335470000067289,52.99496399993586
773,1780947691.9205272,43.55312099994535,6.125867000037033,42.16460099996766,6.044200000019373,0.5776939999577735,54.91236199998184
774,1780947691.9742255,56.230028999948445,2.6480210000272564,41.527869000105966,8.384326999930636,0.7853449999402073,53.345562000004065
775,1780947692.031724,50.32892200006245,3.991317999975763,41.38705000002574,10.77876900001229,0.9734399999388188,57.13057699995261
776,1780947692.0864494,56.7804030000616,3.6014969999769164,41.50690200003737,8.466197999950964,0.8036970000375732,54.378294000002825
777,1780947692.1857772,51.835404000030394,3.245658999958323,42.54028700006529,6.025476999980128,47.21642900005918,99.02785200006292
778,1780947692.278722,1.730711000050178,1.7212100000278951,42.0872810000219,5.080500000076427,43.81058399997073,92.69957500009696
779,1780947692.3783658,93.19497100000262,2.0862530000158586,44.10436600005596,9.907793000024867,43.29676100007873,99.39517300017542
780,1780947692.4766254,46.12028399992596,2.870652999945378,43.18272299997261,10.242686999959005,41.70827500001906,98.00433799989605
781,1780947692.5716138,45.56336799998917,3.090951999979552,41.72046099995441,8.204711999951542,41.571144000045024,94.58726899993053
782,1780947692.6615396,41.73718300000928,1.7183209999984683,41.55447699997694,6.288203000053727,40.063714999973854,89.62471600000299
783,1780947692.755269,44.29396099999394,2.860930999986522,40.49442400003045,6.646651999972164,43.39670699994258,93.39871399993172
784,1780947692.8519027,51.63562399991406,4.671845999951074,41.26278699993691,7.705298000018956,42.694049000033374,96.33397999994031
785,1780947692.9400039,2.343829999972513,1.7019510000864102,40.82805799998823,6.027995000067676,39.257332000033784,87.8153360001761
786,1780947693.030861,46.188210999957846,2.964357999985623,42.74253100004444,5.643118999955732,39.176549999979215,90.52655799996501
787,1780947693.1210568,44.098121000047286,4.122688999927959,41.87010700002247,4.595140999981595,39.24273600000561,89.83067299993763
788,1780947693.2101474,90.39444000006824,2.1243090000098164,43.38394399997014,5.665323000016542,37.63847200002601,88.81204800002251
789,1780947693.302998,44.1554180000594,4.781920999903377,43.20999699996264,6.383797000012237,38.098052000009375,92.47376699988763
790,1780947693.3932588,45.72542300002169,3.192916999978479,42.87080699998569,6.912266999961503,36.97342500004197,89.94941599996764
791,1780947693.4829173,48.97296900003312,1.7647659999511234,44.74361199993382,5.257908999965366,37.645730999997795,89.4120179998481
792,1780947693.5692744,81.96857799998725,1.703543999951762,40.424087000019426,3.6809430000630528,40.32084400000713,86.12941800004137
793,1780947693.659104,42.58850700000494,3.778018000048178,42.19422300002407,7.308717000000797,36.067022999986875,89.34798100005992
794,1780947693.746634,2.6277230000459895,1.9430099999908634,41.176188999997976,4.0419470000188085,40.033673999914754,87.1948199999224
795,1780947693.8341334,89.22566399996867,2.3757200000318335,41.05335400004151,6.719561000068097,37.05833400010761,87.20696900024905
796,1780947693.9283123,45.95199999994293,6.193219000010686,41.23191299993323,4.2576910000207135,42.23048300002574,93.91330599999037
797,1780947694.01586,1.6464859999132386,1.665004999949815,40.92746399999214,4.825422000067192,39.91452200000367,87.33241300001282
798,1780947694.1089187,84.58666700005324,2.1775870000055875,43.508461000101306,8.93146299995351,38.04336299992883,92.66087399998924
799,1780947694.2099776,44.720349000044735,4.655566999986149,45.5059699999083,12.047562000020662,38.5006850000309,100.70978399994601
800,1780947694.379998,77.06464799991863,4.999887000053604,47.04652999998871,7.212732999960281,109.66865499995038,168.92780499995297
801,1780947694.4682658,43.53531300000668,2.8070399999933215,42.012513000031504,8.62571699997261,34.313401999952475,87.75867199994991
802,1780947694.5579267,45.81554900005358,4.271023999990575,41.843733000064276,6.051106000086293,37.102257000015015,89.26812000015616
803,1780947694.6436079,4.494157000067389,2.305218999936187,41.59569199998714,5.475338999985979,35.980741000003036,85.35699099991234
804,1780947694.729647,40.47687899992525,2.193754000018089,40.33219299992652,6.357998999988013,36.74973299996509,85.63367899989771
805,1780947694.819927,45.94960600002196,3.2413060000635596,42.20979400008673,6.371259000047758,38.02177000000029,89.84412900019834
806,1780947694.908875,50.29972599993471,4.3212470000071335,42.06727400003274,7.921781000050032,34.40690299999005,88.71720500007996
807,1780947694.998328,47.659853999903135,3.3754740001086248,41.959531000088646,7.74261200001547,36.00729600009345,89.08491300030619
808,1780947695.0910363,84.99140300000363,2.2389030000340426,41.399333999947885,6.86313500000324,41.85997000001862,92.36134200000379
809,1780947695.3850787,64.74098299997877,4.370822000055341,40.86493700003757,7.088786999929653,241.48527499994543,293.809820999968
810,1780947695.4912689,45.508337999990545,5.3657990000601785,40.65008300005957,8.867331000033118,50.78191200004767,105.66512500020053
811,1780947695.588944,48.761087999992014,4.394580999928621,45.669116999988546,6.012270999917746,41.18616400000974,97.26213299984465
812,1780947695.6814234,43.66370000002462,3.26156500000252,43.13309900010154,10.719469000036952,35.1306890000842,92.24482200022521
813,1780947695.7706504,44.84612399994603,2.9144500000484186,40.51146900008007,8.257525999965765,37.18897700002799,88.87242200012224
814,1780947696.0226316,138.78417400007947,6.572742000003018,43.36217699994904,8.327694000058727,193.35084300007566,251.61345600008644
815,1780947696.1082144,1.0274040000695095,3.716886000006525,39.986958999975286,3.15808199991352,38.0830240000023,84.94495099989763
816,1780947696.2054186,46.666424000022744,5.520449000073313,42.064525000000685,7.4873840000009295,41.48577600005865,96.55813400013358
817,1780947696.2996895,48.158296999986305,7.693128000028082,45.67966900003739,5.325093999999808,35.20376000005854,93.90165100012382
818,1780947696.388342,47.552252000059525,3.0254690000219853,42.78731299996252,4.793865000010555,37.221530000010716,87.82817700000578
819,1780947696.4698703,59.591459999978724,2.2084390000145504,41.31908899989867,2.422534000061205,35.196167999970385,81.14622999994481
820,1780947696.559698,64.06993099994907,2.986024000051657,42.71003500002735,5.890342999919085,38.04378200004521,89.6301840000433
821,1780947696.649088,4.77175299999999,3.4677709999186845,42.137062999927366,8.70342099995014,34.7826619999978,89.09091699979399
822,1780947696.7412212,44.96617699999206,3.1639899999618137,42.067229000053885,10.521410000023934,36.001161000058346,91.75379000009798
823,1780947696.8272164,42.183230999967236,3.057302999991407,41.17851199998768,4.6619549999604715,36.8432100000291,85.74097999996866
824,1780947696.9179118,92.25574000004144,3.2262130000617617,44.77556300003016,5.893825000043762,36.49900099992465,90.39460200006033
825,1780947697.0014503,42.681681999965804,3.297009999982947,40.55807800000366,3.879239999946549,35.582211000019015,83.31653899995217
826,1780947697.089841,44.56724200008466,4.419933000008314,42.04763199993522,2.3993300000029194,39.12801700005275,87.9949119999992
827,1780947697.2022383,41.564218000075925,2.9622280000012324,40.825541000003795,4.078613000046971,64.11812999999711,111.98451200004911
828,1780947697.2945259,45.17130600004293,6.842264000056275,42.06181799997921,5.372298999986924,36.49066399998446,90.76704500000687
829,1780947697.3848684,48.18542299994988,2.4089600000252176,43.624617999967086,9.813230999952793,34.24576299994442,90.09257199988951
830,1780947697.4821913,46.4228240000466,7.524994999926093,48.59198400004061,5.912953999995807,33.99001799994039,96.0199509999029
831,1780947697.5718906,89.56645300008859,1.7852850000963372,44.11125399997218,5.217944000037278,38.369561999957114,89.4840450000629
832,1780947697.6558294,0.7921779999833234,1.7057460000842184,41.94301900008668,2.9518929999312604,36.96448700009114,83.5651450001933
833,1780947697.8475654,114.54715799993664,4.555601000106435,41.799981000053776,4.669510999974591,140.37082100003317,191.39591400016798
834,1780947697.9321573,1.399576000039815,4.233263000060106,41.159416000027704,3.8310539999883986,35.12323799998285,84.34697100005906
835,1780947698.1500587,65.74383300005593,3.3138430000008157,41.31575200005955,9.066053999958967,163.92580799993084,217.62145699995017
836,1780947698.3301005,128.90257300000485,2.198920000068938,40.462273000002824,4.218966000053115,132.8958330000205,179.77599200014538
837,1780947698.4163349,40.91901999993297,5.349113000079342,40.49308799994833,5.257611000047291,34.8319539999693,85.93176600004426
838,1780947698.6024773,37.978404999989834,7.348455000055765,44.927243999950406,5.526152000015827,127.91854099998545,185.72039200000745
839,1780947698.6861985,2.477774999988469,3.0623020001030454,40.81437000002097,3.684163000002627,35.73311399998147,83.29394900010811
840,1780947698.7777045,82.65953299996909,2.8018349999001657,41.30708200000299,5.893620000051669,41.190949999986515,91.19348699994134
841,1780947699.0396075,79.1489079999792,2.2362910000310876,41.02709500000401,7.623106999972151,210.58803400001125,261.4745270000185
842,1780947699.2733688,83.77289399993515,4.754862999902798,40.551160000063646,6.43186800004969,181.49268700005905,233.23057800007518
843,1780947699.4947426,0.6634349999785627,4.150038999910066,40.83338600003117,3.148099999975784,172.92354899996099,221.055073999878
844,1780947699.7238543,72.99985500003459,2.21041999998306,40.50976999997147,4.8369569999522355,181.24574000000848,228.80288699991524
845,1780947700.0181732,52.05845099999351,2.3307180000529115,40.34526800001004,3.7101819999634245,247.5422019999769,293.92837000000327
846,1780947700.2834735,41.894249000051786,3.09824699991168,40.41224700006296,4.498285000067881,217.02314799995293,265.03192699999545
847,1780947700.571177,57.82539599999836,5.458798000063325,40.89351400000396,10.255698000037228,230.79969100001563,287.40770100012014
848,1780947700.778923,140.31119200001285,2.20604900005128,41.921639000065625,4.028648000030444,159.24689900009525,207.4032350002426
849,1780947701.023672,129.69859999998334,2.1938270000418925,41.61468999996032,2.9247810000470054,197.62041299998145,244.35371100003067
850,1780947701.200173,3.0586539999148954,1.7534689999365582,41.57748199997968,3.7726450000263867,128.07860399993842,175.18219999988105
851,1780947701.4350357,70.14648799997758,11.11750600000505,46.08641400000124,6.721463000076255,170.42309699991165,234.3484799999942
852,1780947701.592514,2.461125999957403,4.29867100001502,40.824842000006356,3.7139219999744455,108.39507200000753,157.23250700000335
853,1780947701.7670224,123.78498900000068,4.693435000035606,41.38975700004721,2.918355000019801,124.9574120000716,173.95895900017422
854,1780947701.9749112,97.21221400002378,1.9530270000132077,43.48200899994481,4.025926000053914,158.0969259999847,207.55788799999664
855,1780947702.144712,55.725080999991405,4.194390999941788,41.4193310000428,7.794663000026958,115.96735300008731,169.37573800009886
856,1780947702.339317,51.53787500000817,3.348674999983814,41.94844699998157,4.406727000059618,144.6436910000557,194.3475400000807
857,1780947702.4920018,43.29466900003354,2.991058999896268,40.94811799996023,3.3337679999476677,105.08955499994954,152.3624999997537
858,1780947702.6690137,103.53195999994114,1.9204339999987496,43.05779599997095,4.838863000031779,126.76803799990921,176.5851309999107
859,1780947702.7965527,0.9469390000731437,3.2978240000147707,40.66242900000816,3.4859180000239576,79.76680000001579,127.21297100006268
860,1780947703.0032265,116.03144600007909,2.9339669999899343,43.525301999920885,4.516709999961677,152.66372799999317,203.63970699986567
861,1780947703.1658232,41.611884000076316,4.092630000059216,41.0758389999728,5.5882610000708155,111.40104000003248,162.15777000013532
862,1780947703.2809753,2.1690849999913553,1.711912000018856,42.54058100002567,5.296738999959416,65.21776200008844,114.76699400009238
863,1780947703.464328,74.77352199998677,1.8180430000711567,40.47516399998585,4.452949999972589,136.27093500008414,183.01709200011373
864,1780947703.6145997,89.78948600008607,1.9491199999492892,41.08476500005054,6.041434000053414,100.93482399997811,150.01014300003135
865,1780947703.7964177,83.57977200000732,1.770375999967655,41.338917000075526,8.926084999984596,129.39689699999235,181.43227500002013
866,1780947703.9477801,61.79064100001597,2.739555999937693,43.28981300000123,5.23822000002383,99.75110300001688,151.01869199997964
867,1780947704.0788972,44.71572200009177,3.080856999986281,41.080986999986635,5.21014500009187,81.44640300008632,130.8183920001511
868,1780947704.217382,43.26269900002444,1.8232459999580897,42.21757300001627,3.1986359999791603,90.91558599993732,138.15504099989084
869,1780947704.3205204,2.0991950000279758,3.0479860000696135,44.28493500006425,9.117141999922751,46.247590999996646,102.69765400005326
870,1780947704.4045453,43.49146100003054,4.09785199997259,41.18491100007304,7.3177289999648565,30.569211000056384,83.16970300006687
871,1780947704.5461662,45.06020399992394,3.259988999957386,43.054935999975896,7.611028999917835,86.45515600005638,140.3811099999075
872,1780947704.6692793,60.95140099989749,1.683578000097441,43.896688000018,3.054281999993691,74.25174899992726,122.8862970000364
873,1780947704.812308,79.01057300000502,2.501830000028349,42.28994400000374,3.8872190000347473,94.0781850000576,142.75717800012444
874,1780947704.929375,44.45328899998913,2.2425859999657405,40.34439999998085,8.173480999971616,65.8365420000564,116.5970089999746
875,1780947705.0506585,1.8453399999316389,1.9710080000550079,40.851222000014786,6.9370749999961845,71.06110900008389,120.82041400014987
876,1780947705.1842697,2.627351000000999,2.0113790000095833,42.077345999928184,7.144078000010268,81.91697600000225,133.14977899995029
877,1780947705.3517597,78.07312800002819,8.86224900000343,40.96886800004995,5.263477999960742,109.5075519999682,164.60214699998232
878,1780947705.4843524,45.843710999974974,1.6805779999913284,40.47934300001543,5.010159999983443,85.22970599995006,132.39978699994026
879,1780947705.6460261,86.12886599996727,4.187279000007038,43.83724000001621,5.922321000070951,107.31935599994813,161.26619600004233
880,1780947705.8144603,48.02055599998312,1.643596000008074,41.10718399999769,7.414822999976423,117.8820719999294,168.04767499991158
881,1780947705.950919,2.2546050000755713,1.5850219999720139,43.33615899997767,7.893273000036061,83.13214099996458,135.94659499995032
882,1780947706.0941548,48.36548599996604,8.08838700004344,41.33948399999099,4.313187999969159,88.73226399998657,142.47332299999016
883,1780947706.1642199,44.43659599996863,3.9045340000711803,40.77314000005572,3.595141000005242,21.31819400005952,69.59100900019166
884,1780947706.2392561,67.39175600000635,1.6847819999838975,41.6796519999707,4.121241000007103,27.189586999952553,74.67526199991426
885,1780947706.3198576,44.28013099993677,4.090462000021944,43.628660000081254,6.342788000097244,25.36035900004663,79.42226900024707
886,1780947706.4695349,88.49104000000807,2.4384029999282575,40.74758399997336,10.610253999971064,95.66430200004561,149.4605429999183
887,1780947706.5584428,45.032383000034315,6.7509799999925235,43.064004000029854,5.393591000029119,33.32563300000402,88.53420800005551
888,1780947706.69604,82.46734800002287,2.1934920000603597,41.63783699993928,3.56864000002588,89.87574299999324,137.27571200001876
889,1780947706.8614855,51.674249000029704,6.233620999978484,42.527070999994976,5.640204999963316,110.44857499996397,164.84947199990074
890,1780947706.988058,7.866013000011662,10.84225600004629,42.97433599992928,6.771479999997609,65.53430499991464,126.12237699988782
891,1780947707.1106298,42.53938299996207,5.610500999978285,41.22568100001445,4.587079999964772,70.77349999997296,122.19676199993046
892,1780947707.1840115,42.77460799994515,2.2471600000244507,41.01054699992801,5.385682999985875,24.281693999910203,72.92508399984854
893,1780947707.2935522,2.602109000008568,2.01084099990112,41.67229699999098,4.82371200007492,60.50302899996041,109.00987899992742
894,1780947707.4060502,7.3740060000773155,1.6680590000532902,40.89535999992222,7.473839999988741,62.0350489999737,112.07230799993795
895,1780947707.5806675,85.55536400001529,3.621696999971391,43.118907999996736,4.961713999932726,122.37935500002095,174.0816739999218
896,1780947707.7185016,50.55304400002569,4.232093000041459,42.632291000018085,6.10430299991549,84.48268300003292,137.45137000000796
897,1780947707.8838344,82.17570699991938,5.525166999973408,41.0444550000193,3.1546529999104678,115.24105600005896,164.96533099996213
898,1780947708.075569,123.41486500008614,2.467829000011079,42.37695500000882,6.364436000012574,140.0909189999311,191.30013899996356
899,1780947708.2734113,98.53704799991192,1.8522650000249996,41.89086999997471,3.6105839999436284,150.0452679999853,197.39898699992864
900,1780947708.4320998,73.75597800000833,2.6979990000199905,41.78844399996251,5.733889999987696,107.08308700009184,157.30342000006203
901,1780947708.6137648,41.86546300002192,2.8544450000254074,41.5049949999684,4.401503000053708,132.1689559999868,180.9298990000343
902,1780947708.7692866,46.10676000004332,2.6787020000256234,43.20148099998278,6.4513270000361445,102.69884399997409,155.03035400001863
903,1780947709.013259,58.12923400003456,1.811024000062389,41.30245599992577,7.178372999987914,193.14119000000574,243.4330429999818
904,1780947709.2084668,8.143014999973275,4.475150999951438,40.73161099995559,4.490466999982345,145.1318030000266,194.82903199991597
905,1780947709.3225477,51.0775069999454,4.605411999932585,41.39167499999985,5.011770000010074,62.57051099998989,113.5793679999324
906,1780947709.5154357,94.9575490000143,1.625224999997954,40.40866200000437,5.301366000026064,145.19572900007915,192.53098200010754
907,1780947709.7041667,44.64407000000392,1.4677969999183915,43.3828129999938,9.040878999940105,134.19312099995295,188.08460999980525
908,1780947709.8305423,46.69920800006366,6.905127999971228,43.660964999958196,8.307202000082725,67.11629200003699,125.98958700004914
909,1780947709.9683428,1.6773180000200227,1.777393999986998,42.34420699992825,5.295254999964527,88.00934500004587,137.42620099992564
910,1780947710.1443658,114.82093100005386,4.995140000005449,41.26028400003179,10.440359000085664,118.64083299997219,175.3366160000951
911,1780947710.214975,5.114122999998472,2.176009999971029,41.68926900001679,5.487091000077271,20.856495000089126,70.20886500015422
912,1780947710.3775244,4.391278999946735,1.786949999996068,44.57467700001416,4.224666000027355,111.65022299996963,162.2365160000072
913,1780947710.5438902,106.6945829999213,5.962800000020252,42.04477299992959,3.456563999975515,114.21071999996002,165.67485699988538
914,1780947710.6739376,2.5201079999987996,2.487107000092692,42.34009200001765,4.413095000018075,80.3053860000773,129.54568000020572
915,1780947710.8651323,57.89596299996447,4.579560000024685,42.45385299998361,6.251099999985854,137.35383800008094,190.6383510000751
916,1780947711.030659,108.55656900002941,3.2603390000076615,42.19172000000526,4.681543000060628,115.10952500009353,165.24312700016708
917,1780947711.158242,40.806216999953904,1.8275799999400988,40.884440000013456,3.1910970000126326,80.9575920000043,126.86070899997048
918,1780947711.3094807,95.408779999957,3.253097999959209,41.86095199997908,4.851951999967241,100.72594200005369,150.69194399995922
919,1780947711.4427948,44.28790999998,1.8567270000175995,42.28512499992121,8.021142000075088,80.05211700003656,132.21511100005046
920,1780947711.624598,109.84574600001906,8.730909999940195,42.93737499995132,6.009819000041716,123.52279499998531,181.20089899991854
921,1780947711.8190103,116.01215899997896,3.5870100000465754,39.82496399999036,3.306135999991966,147.48386600001595,194.20197600004485
922,1780947712.023158,59.827465000012126,4.885471000079633,42.19036500001039,6.6455490000407735,149.94826800000283,203.66965300013362
923,1780947712.1755364,87.56743100002495,4.405335000001287,40.81380699994952,4.89937799989093,101.89561599997887,152.0141359998206
924,1780947712.3420885,86.78790299995853,4.2726109999193795,40.27752199999668,4.6379120000210605,117.11229499996989,166.300339999907
925,1780947712.5203838,113.78804800006037,4.819784000005711,42.79222100001334,5.509183000071971,124.5791689999578,177.70035700004883
926,1780947712.7063818,124.79789400003938,2.275639999993473,42.15819499995632,7.30153999995764,134.04782899999645,185.7832039999039
927,1780947712.980328,75.7799809999824,8.693945999993957,45.83083400007126,4.90072999991753,213.11809400003767,272.5436040000204
928,1780947713.2554653,120.16393700002936,4.89509999999882,41.328051999926174,7.032090000052449,221.51757500000713,274.77281699998457
929,1780947713.4364538,78.65434600000754,3.318172000035702,40.746118000015485,3.5787870000376643,132.84230299996125,180.4853800000501
930,1780947713.617298,115.6559709999101,3.6748249999618565,40.94611999994413,4.339944000093965,131.4288779999515,180.38976699995146
931,1780947713.789785,44.0029379999487,2.1056560000261015,42.65860500004237,4.230647000099452,123.06891800005815,172.06382600022607
932,1780947713.9401503,41.50049700001546,2.096933999951034,41.21856800009027,7.671449999975266,98.06520799997998,149.05215999999655
933,1780947714.0885878,1.3405729999931282,3.9609770000197386,41.22180800004571,4.93036000000302,97.8484390000176,147.96158400008608
934,1780947714.2696764,132.62590199997248,1.6041879999875164,43.216516000029515,5.818148999992445,130.13864799995645,180.77750099996592
935,1780947714.4394717,60.932243000024755,2.8012029999899823,42.65113899998596,5.64966500007813,117.96019600001273,169.0622030000668
936,1780947714.7019906,62.33820599993578,3.2890979999820047,44.4072730000471,6.78743800006032,206.82029700003568,261.3041060001251
937,1780947714.89447,121.823911999968,5.732665999971687,41.34832599993388,8.390830000053029,136.4999520000083,191.9717739999669
938,1780947715.07975,0.8415109999759807,4.388296999991326,40.43318399999407,4.359908000083124,135.73356599999897,184.9149550000675
939,1780947715.250685,51.880530999937946,4.001402999961101,41.0862820000375,8.359032000043953,116.84672799992768,170.29344499997023
940,1780947715.4133704,57.567270000049575,5.394124000076772,44.153931999971974,5.8485189999828435,106.89095299994733,162.28752799997892
941,1780947715.6441007,6.4743980000230295,4.246201999990262,49.659410000003845,7.085738000000674,169.50082400001065,230.49217400000543
942,1780947715.8306522,132.09892299994408,3.173614999923302,42.32818699995278,5.268845000045985,135.51183599997785,186.2824829998999
943,1780947716.1012797,78.15152599994235,1.8351899999515808,40.672555000014654,3.6773619999621587,224.11864299999706,270.30374999992546
944,1780947716.338981,65.81242499999007,3.334764999976869,42.67257700007576,9.87286600002335,181.5778909999608,237.45809900003678
945,1780947716.5748944,89.93230500004756,2.0296179999377273,40.91253600006439,4.813505000015539,187.87874899999224,235.6344080000099
946,1780947716.7967777,21.7699239999547,3.2351710000284584,40.39556700001867,6.7260669999313905,171.18727800004763,221.54408300002615
947,1780947717.0531797,67.30490600000394,3.3315980000452328,41.42154200008008,4.593761000023733,206.56388899999456,255.9107900001436
948,1780947717.3106225,132.56213099998604,5.068175000019437,41.71735800002807,11.37669900003857,198.79642799992325,256.95866000000933
949,1780947717.5197291,58.58058900003016,4.914877000032902,40.07885600003647,9.769753000000492,153.96643799999765,208.7299240000675
950,1780947717.7380908,52.42714199994225,3.677861000028315,40.666085999987445,3.1320389999791587,169.71776499997304,217.19375099996796
951,1780947717.967111,59.02133500001128,2.660515000002306,40.04420699993716,4.220127000053253,181.55667399992126,228.48152299991398
952,1780947718.1817372,86.59243600004629,5.5384030000595885,40.30822899994746,3.6444349999555925,164.79171000003134,214.28277699999398
953,1780947718.3809774,147.22802799997226,2.5859580000542337,41.10944000001382,4.0082159999883515,151.0834089999662,198.7870230000226
954,1780947718.5915694,82.86425899996175,4.765466999970158,41.21796100002939,4.015606000052685,160.27726499999062,210.27629900004285
955,1780947719.1595082,72.29278900001646,3.1420020000041404,42.31756699994094,4.083218000005218,517.5394269999742,567.0822139999245
956,1780947719.3904486,139.24223199990138,1.878800999975283,41.34588499994152,6.680843000026471,180.30594699996527,230.21147599990854
957,1780947719.4762108,3.6107490000176767,1.7662069999460073,40.88778599998477,3.1207789999143642,38.893447000077686,84.66821899992283
958,1780947719.6742105,129.9387830000569,1.9513759999654212,40.1772960000244,3.8770859999885943,151.72272099994188,197.7284789999203
959,1780947719.9133453,131.81619499994213,3.485710000063591,40.69093199996132,7.136736999996174,186.42974499994125,237.74312399996234
960,1780947720.1151178,62.39706799999567,4.660298999965562,40.594652999971004,5.837460999941868,150.45169699999406,201.5441099998725
961,1780947720.2027998,53.632923000009214,2.1374340000193115,41.671737000001485,4.776799000069332,38.74292399996193,87.32889400005206
962,1780947720.4261513,125.89409500003512,2.758867000011378,42.9646050000656,7.630816000073537,169.5141899999726,222.8684780001231
963,1780947720.6356075,72.36870999997791,2.467511999952876,41.261176999910276,4.08292099996288,161.11569700001382,208.92730699983986
964,1780947720.7205615,44.014710999931594,3.9329930000349123,41.18502799997259,4.012124000041695,35.2969729999586,84.4271180000078
965,1780947720.9632905,72.98112500006937,3.6328969999885885,40.15951500002757,3.900159999943753,194.68466700004683,242.37723900000674
966,1780947721.2528682,61.14764099993408,3.100223999922491,42.7590470000041,4.578167999966354,238.432505999981,288.86994499987395
967,1780947721.4893603,72.5921709999966,2.117674000032821,44.44008399991617,3.550173000007817,186.07915899997352,236.18708999993032
968,1780947721.7329884,79.04147199997169,4.5384439999907045,40.63788799999202,4.996782999910465,192.87222399998427,243.04533899987746
969,1780947721.9480312,96.85956099997384,2.6569399999516463,40.87259499999618,3.90217799997572,167.30387199993402,214.73558499985756
970,1780947722.165795,79.76245700001527,2.57803200008766,44.12298800002645,4.313071000069613,165.9626410000783,216.97673200026202
971,1780947722.3726811,63.695612000060464,4.583777999982885,42.710818999921685,5.670902000019851,152.7371449999464,205.70264399987082
972,1780947722.574657,117.7857730000369,2.0529509999960283,41.95269800004553,4.028272000027755,153.50576599996657,201.53968700003588
973,1780947722.814773,67.40332399999716,6.436819999976251,40.75414600004024,4.834373999983654,187.80690799997046,239.8322479999706
974,1780947723.0252872,50.65617499997188,1.9509490000473306,42.05666300003941,5.564067999898725,160.28614399999697,209.85782399998243
975,1780947723.2367446,105.487337999989,2.44534500006921,40.58136399999057,5.6058459999803745,162.4702909999769,211.10284600001705
976,1780947723.4398308,118.36138399996798,2.4500490000036734,41.61074700004974,4.320088999975269,154.17637499990633,202.557259999935
977,1780947723.699129,42.35803400001714,2.0664510000187875,40.78753300007065,3.2838550000633404,212.87231000007978,259.01014900023256
978,1780947723.9682183,62.438313999905404,2.958036000109132,43.792940000003,5.776495999953113,216.14862799992807,268.6760999999933
979,1780947724.181846,104.33994599998186,3.48346800001309,41.769933000068704,4.405960999974923,163.4467719999293,213.106133999986
980,1780947724.4143622,52.468504999978904,5.460084999981518,41.65004100002534,4.1530130000637655,180.8076859999801,232.07082500005072
981,1780947724.6449592,130.89021199994022,1.812873999938347,43.091539000101875,4.783651000025202,180.53975700001956,230.227821000085
982,1780947724.910549,77.92070100003912,3.3541710000690728,42.417772000021614,4.8463730000776195,214.73233699998673,265.35065300015503
983,1780947725.1834533,95.91404199989029,5.075079999983245,41.003718000069966,5.930572000011125,219.89275700002509,271.9021270000894
984,1780947725.4039404,78.24862600000415,2.9261829999995825,40.792656999997234,8.602641000038602,167.89251900002,220.21400000005542
985,1780947725.6661885,121.5224609999268,3.27915100001519,41.41768300007698,4.611481999972966,212.48260999993818,261.7909260000033
986,1780947725.9075024,139.50754799998322,2.012690000015027,41.09043800008294,4.5919070000763895,193.2142670000303,240.90930200020466
987,1780947726.1521213,16.450010999960796,2.755162999960703,41.31973799997013,5.132968999987497,194.51543900004253,243.72330899996086
988,1780947726.359883,63.22394099993289,4.529553999987002,40.94871200004491,3.768396999930701,157.77495999998337,207.02162299994598
989,1780947726.5903347,120.73757300004218,4.260903000044891,41.70792500008247,6.845211000040763,177.21813700006805,230.03217600023618
990,1780947726.8047497,47.91848000002119,4.017900000008012,40.58761500004948,3.2281119999879593,166.28971000000092,214.12333700004638
991,1780947727.0153718,132.38167500003328,3.6763769999197393,42.37230300009287,4.395608000095308,159.84753999998702,210.29182800009494
992,1780947727.214562,123.12853800005996,4.353273999981866,42.267465000009,4.627424999966934,147.44054899995263,198.68871299991042
993,1780947727.4258356,139.4860279999648,5.677586000047086,42.591302999994696,7.123455000055401,155.55479299996477,210.94713700006196
994,1780947727.6153033,132.3733330000323,5.806791000054545,40.6280010000728,6.600245000072391,136.0959329999787,189.13097000017842
995,1780947727.8419042,82.899948999966,4.528775999915524,43.90868800010139,5.108376000066528,172.74027600001318,226.28611600009663
996,1780947728.0528102,67.70867500006261,1.9079109999893262,41.0048400000278,4.235141999970438,163.38830899996992,210.53620199995748
997,1780947728.2598424,111.67302400008339,5.299044000025788,41.25300599991988,3.3824289999984103,156.74805699995886,206.68253599990294
998,1780947728.471834,59.42964700000175,2.722013999914452,41.1232999999811,5.991201000028923,161.67702200004896,211.51353699997344
999,1780947728.6791399,70.29294200003733,2.8876080000372895,40.570609999917906,3.698618000044007,159.86151900006007,207.01835500005927
1000,1780947728.8696053,102.03339199995298,6.223944000112169,40.42381099998238,6.336872000019866,135.70689999994556,188.69152700005998
1001,1780947729.126112,67.86027900000136,5.288340999982211,40.624091999916345,3.1245929999386135,207.14362499995786,256.18065099979503
1002,1780947729.3623562,126.24972500009335,5.753029999937098,42.18723600001795,5.526842999984183,181.9054899999628,235.37259899990204
1003,1780947729.5765011,17.35322299998643,2.0030609999821536,41.475320000017746,9.127978000037729,160.89365000004818,213.5000090000858
1004,1780947729.7933948,104.48372799999106,1.831132000006619,40.5303280000453,3.911472000027061,170.23955599995588,216.51248800003486
1005,1780947730.0130587,117.32654600007209,5.489453999985017,43.06554299989784,4.768612000020767,165.70259500008433,219.02620399998796
1006,1780947730.2265482,28.561796999952094,4.47240400001192,40.83171799993579,5.967774000055215,161.89216999998735,213.16406599999027
1007,1780947730.4406908,63.17518299999847,5.495896999946126,40.93401500006166,4.773204000002806,162.4505649999719,213.6536809999825
1008,1780947730.5339875,1.5522779999628256,4.788463999943815,41.61885700000312,3.5443940000732255,42.75438800004849,92.70610300006865
1009,1780947730.7486336,116.88344000003781,1.6093149999960588,42.13115899995046,4.072381000014502,166.60987299997032,214.42272799993134
1010,1780947730.9765344,116.65317799997865,6.128664000016215,44.16318300002331,3.603301999987707,173.5177499999736,227.41289900000083
1011,1780947731.2160025,57.392500999981166,2.014042000041627,41.56917000000249,2.9620719999456924,192.57321999998567,239.11850399997547
1012,1780947731.4252644,31.81548100008058,5.174190000047929,41.45807399993373,3.4681150000324124,158.8191050000205,208.91948400003457
1013,1780947731.6335225,53.27136000005339,7.0013040000276305,45.37761999995382,6.014050999965548,149.51399699998547,207.90697199993247
1014,1780947731.8516037,53.89621900008024,1.7900950000466764,41.34846199997355,4.10725199992612,170.5364819999886,217.78229099993496
1015,1780947732.0915885,141.47369699992396,2.2903779999978724,43.13483500004622,4.383310000093843,189.86140499998783,239.66992800012576
1016,1780947732.3821943,38.23207099992487,6.156331000056525,40.720860000078574,11.467725999978029,231.9122349999816,290.2571520000947
1017,1780947732.718914,62.5350929999513,4.346308999970461,40.93312099996638,3.1397220000144443,287.878327000044,336.2974789999953
1018,1780947732.929516,130.68249100001594,5.980977000035637,40.53404299997965,4.833260000054906,159.00330099998428,210.35158100005447
1019,1780947733.2707417,67.16082799994183,6.524224000031609,41.30014400004711,7.404936999932943,285.62061700006325,340.8499220000749
1020,1780947733.4878986,67.58864699997957,5.238523000002715,41.55527399996117,5.272079000064878,164.38198100001955,216.44785700004832
1021,1780947733.7568336,57.10947099998975,5.218855999942207,40.68033800001558,6.7587080000066635,215.976889999979,268.63479199994345
1022,1780947733.96993,147.49912100000984,4.930389999913132,40.666559999976926,8.72397099999489,158.2027440000502,212.52366499993514
1023,1780947734.0563934,40.878894999991644,4.63573800004724,40.885709999997744,3.391909000015403,37.19881399990754,86.11217099996793
1024,1780947734.1463087,42.68189499998698,3.4785029999966355,40.771298999970895,7.57188300008238,37.69200500005354,89.51369000010345
1025,1780947734.2362623,48.82766899993385,4.568423000023358,44.49436000004425,4.750887999989573,35.54720199997519,89.36087300003237
1026,1780947734.3228016,43.5430530000076,1.794909000068401,42.30885299989495,4.569200999981149,37.50646600008167,86.17942900002618
1027,1780947734.415714,90.92198400003326,4.025564000016857,47.24548499996217,5.728177000037249,35.347125999919626,92.3463519999359
1028,1780947734.5016053,43.23597599989171,2.068523000048117,42.507763999992676,5.4145990000051825,35.59957300001315,85.59045900005913
1029,1780947734.6001065,10.61841800003549,4.935853000006318,41.55934600009914,12.975148999998964,38.64634900003239,98.11669700013681
1030,1780947734.6878285,44.764529999952174,4.2204559999845515,40.67448399996465,6.292368000003989,36.21706199999153,87.40436999994472
1031,1780947734.785945,6.332128000053672,7.714347000046473,46.420807999993485,8.394706999979462,35.28097700007038,97.8108390000898
1032,1780947734.8829858,82.22766199992293,3.1713509999917733,42.343966000089495,8.778433999964363,42.505022999989706,96.79877400003534
1033,1780947735.1191897,57.015833000036764,1.7146860000138986,42.60428299994601,4.314901000043392,187.3301340000353,235.96400400003859
1034,1780947735.3525171,83.99473300005411,3.8611360000686545,42.0842559999528,4.563607000022785,182.39438700004484,232.90338600008909
1035,1780947735.5780075,147.46923100005915,2.2545630000649908,41.928050000024086,3.7620800000013332,177.28968200003692,225.23437500012733
1036,1780947735.833078,88.68456300001526,1.8268170000510509,41.369692999978724,4.745091000017965,206.4337169999817,254.37531800002944
1037,1780947736.0582564,84.30125199993199,3.305130000057943,42.26079499994739,3.0229039999767338,176.06705299999703,224.6558819999791
1038,1780947736.2929957,140.04513899999438,4.444365000040307,40.87920300003134,4.2049180000276465,184.65238399994632,234.18087000004562
1039,1780947736.5724096,91.00102899992635,2.22054300002128,41.9149549999247,7.771551000018917,227.13199299994358,279.0390419999085
1040,1780947736.8462777,83.40375699992819,4.774147000034645,42.56011100005708,6.695019999938268,219.38477599996986,273.41405399999985
1041,1780947737.0841236,17.341918000056467,1.7904459999726896,43.64353000005394,5.38946799997575,186.66441900006703,237.4878630000694
1042,1780947737.2961109,127.45156199991925,3.644708000024366,40.92064499991466,5.361559999983001,161.6120389999196,211.53895199984163
1043,1780947737.521766,78.6339210000051,3.2965740000463484,45.69549500001813,7.3672309999892605,168.9109169999483,225.27021700000205
1044,1780947737.8194935,67.40248000005522,2.3262299999942115,41.14687000003414,4.07937900001798,249.82267899997623,297.37515800002257
1045,1780947738.0453677,66.41783800000667,4.97127799997088,40.11974700006249,3.2255180000220207,177.22248900008708,225.53903200014247
1046,1780947738.326215,57.28658500004258,1.8485570000166263,42.068748000019696,4.433382999991409,232.11776099992676,280.4684489999545
1047,1780947738.638427,52.3068999999623,3.4425200000214318,40.462601000058385,6.723797999939052,260.9551019999117,311.58402099993054
1048,1780947738.8655372,120.04537899997558,2.648028999942653,40.987662000020464,7.171266000000287,175.930577000031,226.7375339999944
1049,1780947739.0105035,79.89369000006263,1.8709460000536637,42.68712499992944,3.7092630000188365,96.3011500000448,144.56848400004674
1050,1780947739.293638,70.11865000004036,5.085871999995106,41.530962000024374,4.5131430000537875,230.52463599992734,281.6546130000006
1051,1780947739.3853958,2.5465650001024187,3.1989619999421848,43.76137600002039,9.009914999978719,35.48156099998323,91.45181399992452
1052,1780947739.6177993,64.47486500007926,2.939014000048701,40.09776099996998,3.442815999960658,185.6870640000352,232.16665500001454
1053,1780947739.8252988,83.98900700001377,2.2665059999553705,42.45000899993556,4.1978059999792094,158.24505499995212,207.15937599982226
1054,1780947740.0973191,68.93676499998946,4.175231999965945,40.48385800001597,6.737741000051756,219.83667899996817,271.23351000000184
1055,1780947740.339057,133.69405200000983,5.003426000030231,40.20092600001135,5.695840000043972,190.4526609999948,241.35285300008036
1056,1780947740.5666666,31.623052999975698,1.7950200000313998,43.68057600004249,4.119379000030676,177.40427700005057,226.99925200015514
1057,1780947740.9069908,56.84096100003444,2.2822480000286305,41.83303599995725,4.106525999986843,291.6783169999917,339.9001269999644
1058,1780947741.115139,141.90384100004394,3.5477060000630445,41.05830599996807,4.535142999998243,158.32978100002038,207.47093600004973
1059,1780947741.3096588,126.11653499993736,5.428966999943441,40.98921000002065,6.459256000084679,141.3814249999632,194.25885800001197
1060,1780947741.6433644,51.913849000015944,2.006151000045975,41.01698800002396,4.533773000048313,285.7424750000064,333.2993870001246
1061,1780947741.8824143,84.50911399995675,4.512790000035238,41.942646999928,5.8016749999296735,186.34917899998982,238.60629099988273
1062,1780947742.3782046,313.43670600006135,2.697844000067562,42.2940580000386,4.0012289999822315,446.53849899998477,495.53163000007316
1063,1780947742.6211224,57.84555899992938,5.286724999905346,41.962532999946234,4.864053000005697,187.89377699999932,240.0070879998566
1064,1780947742.8764248,72.2418090000474,1.887373000045045,40.18656900007045,3.3745000000635628,209.50353199998517,254.95197400016423
1065,1780947743.1481318,77.92803200004528,2.7857899999617075,41.38302699993801,10.279501000013624,216.8607889999521,271.30910699986543
1066,1780947743.3868136,63.37844799998038,2.333914000018922,40.323865000004844,5.026350999969509,190.7416110000213,238.42574100001457
1067,1780947743.6437132,83.54396499998984,3.6902250000139247,42.7624650000098,5.0688520000221615,204.94167300000754,256.4632150000534
1068,1780947743.9096186,55.786680999972305,5.075536999925134,42.479998999965574,5.431262999991304,212.5805529999525,265.5673519998345
1069,1780947744.1423304,128.86082299996815,4.804884999998649,40.561348999972324,4.893145999972148,182.06089800003156,232.32027799997468
1070,1780947744.3839233,63.159387000041534,1.5908320000335152,43.6104709999654,7.14115200003107,188.97198900003787,241.31444400006785
1071,1780947744.6470733,86.48656499997287,3.364498999985699,42.66025799995532,6.241899999963607,210.360387000037,262.62704399994163
1072,1780947744.923459,62.61171400001331,5.914434000032998,41.950101999987055,3.742429999988417,224.51550300002054,276.122469000029
1073,1780947745.1613784,42.47175299997252,1.6761289999749351,41.87052700001459,4.8252190000539485,189.2003709999699,237.57224600001337
1074,1780947745.619852,92.69066399997428,3.8477079999665875,43.54717199998959,7.214522000026591,403.2740420000209,457.8834440000037
1075,1780947746.225011,72.89140900002167,2.252005999935136,41.723282000020845,3.4745750000411135,557.3845210000172,604.8343840000143
1076,1780947746.6819136,62.542872999983956,2.018539999994573,40.85891800002628,5.386928000007174,408.3914809999669,456.65586699999494
1077,1780947747.0023441,87.6820860000862,3.760706999969443,44.23782499998197,5.705765000016072,266.2289040000587,319.9332010000262
1078,1780947747.52039,76.94752199995492,1.8287609999561028,40.570320000028914,4.252768000014839,471.00999500003127,517.6618440000311
1079,1780947747.9854224,62.67996399992626,2.741787999980261,42.213059999994584,6.578625999964061,412.8761709999935,464.4096449999324
1080,1780947749.0958045,52.483405999964816,3.6170939999919938,41.78222099994855,9.831252000026325,1054.6735660000195,1109.9041329999864
1081,1780947749.751501,67.25430000005872,2.206189000048653,42.832766000060474,6.9334429999798886,603.3896489999506,655.3620470000396
1082,1780947750.5417397,62.18344700005218,4.253582000046663,42.050184000004265,5.063701000040055,738.4785970000394,789.8460640001304
1083,1780947751.0555224,57.10189400008403,2.924437999922702,40.62820299998293,9.018445999913638,460.7459709999375,513.3170579997568
1084,1780947751.4484608,69.33177700000215,3.506814000047598,42.146012999978666,5.939247000014802,340.31635999997434,391.9084340000154
1085,1780947752.2515593,52.39320900000166,3.3111640000242915,42.880205999949794,6.685070000003179,749.8489450000534,802.7253850000307
1086,1780947752.6435943,135.717887999931,2.502988999935951,40.43016000002808,5.248055000038221,343.5332079999398,391.71441199994206
1087,1780947753.061975,72.00580100004572,1.821962999997595,41.46583700003248,5.581354000014471,368.7519100000145,417.62106400005905
1088,1780947753.3828619,60.819293000008656,3.665852000040104,43.39205800010859,6.117840999991131,267.31323599994994,320.48898700008976
1089,1780947753.957551,56.9377719999693,2.691083000058825,41.40051899992159,5.176774999995359,525.0519300000178,574.3203069999936
1090,1780947754.411832,67.28085600002487,4.735159999995631,40.20284000000629,6.363898000017798,402.661850999948,453.9637489999677
1091,1780947755.1503572,61.987613000042074,2.1888750000016444,41.055107000033786,7.879821999949854,686.8702560000202,737.9940600000054
1092,1780947755.5491295,34.248627000010856,2.6593420000153856,40.09952000001249,7.324129999915385,348.28579299994544,398.3687849998887
1093,1780947756.5858996,72.75044200002867,4.137227000001076,41.11369700001433,4.437675000076524,986.7253459999574,1036.4139450000494
1094,1780947757.0585854,72.606995000001,3.425998000011532,42.043240999987574,3.382496999961404,423.28640200003065,472.13813799999116
1095,1780947757.338786,87.05160099998466,4.6121760000232825,43.269732999988264,5.0435139999081,226.800103999949,279.72552699986863
1096,1780947758.2847006,72.36481899997216,3.3869789999698696,40.81113399990954,4.508915999963392,896.8239230000563,945.5309519998991
1097,1780947758.7429314,102.71767899996576,5.682371000034436,43.071284000006926,5.1775709999901665,403.87596100003975,457.8071870000713
1098,1780947759.4114528,82.61763999996674,4.719750999925054,43.57949300003838,5.2400900000293404,614.5854809999491,668.1248149999419
1099,1780947760.108351,67.28222399999595,2.360041999963869,42.70961099996384,9.480482999947526,641.787718000046,696.3378539999212
1100,1780947760.5665352,72.04721499999778,4.7195649999594025,40.69077400004062,8.726235000040106,402.34134800004995,456.4779220000901
1101,1780947761.5367024,62.26646699997218,4.132040999934361,43.194485000071836,5.188291999957073,917.2529539999914,969.7677719999547
1102,1780947762.369721,78.3489919999738,4.625786000019616,40.00367300000107,4.324746999941453,783.7340959999892,832.6883019999514
1103,1780947762.8526669,41.964356999983465,3.5150719999137436,42.04504300003009,6.141134000017701,430.5768070000795,482.27805600004103
1104,1780947763.3374052,52.26782599993385,2.120743000091352,41.37749899996379,4.002818000003572,436.8717590000415,484.3728190001002
1105,1780947763.7487104,79.54031500003111,3.582034999908501,41.202087999977266,4.780010000104085,361.2019949999876,410.76612799997747
1106,1780947764.0686703,57.22913299996435,3.1433639999249863,40.94699300003413,6.291265999948337,269.20962999997755,319.591252999885
1107,1780947765.0039816,92.66734599998472,4.89538099998299,40.94639900006314,6.939067000075738,882.1450269999787,934.9258740001005
1108,1780947765.423911,87.61738500004412,3.4291069999881074,40.84670999998252,5.499015999930634,369.55961400008164,419.3344469999829
1109,1780947766.001653,66.99772299998585,2.810656999940875,39.96151600006215,5.158605000019634,528.980305999994,576.9110840000167
1110,1780947766.333528,96.98800800003937,6.118280999999115,42.77552300004572,5.113549000043349,277.39887500001714,331.40622800010533
1111,1780947766.7307796,61.80116999996699,3.1253450000576777,40.50374199994167,3.3405320000383654,349.9590740000258,396.9286930000635
1112,1780947767.4009519,57.08467700003439,5.913001000067197,41.88460699992902,5.174882999995134,616.83910499994,669.8115959999313
1113,1780947767.90274,61.99170499996853,4.455468999935874,40.55764800000361,6.791676000034386,449.5952519999946,501.4000449999685
1114,1780947768.3022325,67.83823900002517,6.674674999999297,40.22221900004297,2.794101000063165,348.82186400000137,398.5128590001068
1115,1780947768.7626376,83.1716630000301,1.7303130000527744,40.68848100007472,3.4826440000870207,413.5281080000368,459.4295460002513
1116,1780947768.9739964,58.12949900007425,4.7126929999876666,40.568867999922986,4.652359999909095,161.03109000005134,210.96501099987108
1117,1780947769.1791084,129.9924730000157,2.0649459999049213,40.90479600006347,3.4672369999952934,158.2698340000661,204.7068130000298
1118,1780947769.3948138,125.61422800001765,2.2756330000675007,42.53136599993468,4.702673999986473,165.7747950000612,215.28446800004986
1119,1780947769.668434,109.78957800000444,2.366653000080987,45.39170800001102,4.01320499997837,221.52028499999687,273.29185100006725
1120,1780947769.8943205,105.1151450000134,5.1195109999753186,40.05330600000434,5.70594299995264,174.7235829999454,225.6023429998777
1121,1780947770.0974996,101.76768500002709,2.1211309999671357,41.634154000007584,8.038631999966128,151.08970500000396,202.8836219999448
1122,1780947770.2866762,99.82831199999964,1.7850170000883736,42.06485999998222,5.207623000046624,139.81057800003782,188.86807800015504
1123,1780947770.5194805,131.64185300001918,5.32323599998108,41.807839000057356,10.089020999998866,175.03044800002954,232.25054400006684
1124,1780947770.7215445,70.14943900003345,2.5129120000428884,40.99394200000006,3.8708699999006058,154.39223399994262,201.76995799988617
1125,1780947770.916856,98.26414899998781,4.316262999964238,40.3806029999032,3.6755530001073566,146.61760599994977,194.99002499992457
1126,1780947771.11515,102.52790900005948,1.7710719999968205,42.3401409999542,4.821453000090514,149.0675119999878,198.00017800002934
1127,1780947771.3035295,52.39695500006292,2.520152999977654,41.33301799993205,4.296632999967187,139.3749009999965,187.5247049998734
1128,1780947771.4793847,43.6165210001036,2.1804279999741993,40.964959000007184,4.522024000038982,127.59699399998681,175.26440500000717
1129,1780947771.6388505,99.36752500004786,1.8464060000269455,42.674492999935865,3.369383999938691,111.19987699999001,159.0901599998915
1130,1780947771.825693,131.4625850000084,4.0236119999690345,40.44565800006694,3.2109190000255694,138.63261699998475,186.3128060000463
1131,1780947771.9609113,85.53663600002892,2.246002999982011,41.02975500006778,6.554783999945357,85.15476299999136,134.9853049999865
1132,1780947772.14889,130.67227600004117,5.356401999961236,42.21726699995543,6.614562000095248,133.24791200000163,187.43614300001354
1133,1780947772.3492215,133.38052400001743,4.539690999990853,41.82022399993457,4.199816999971517,149.19742999995833,199.75716199985527
1134,1780947772.5491583,122.96559200001411,2.3125950000348894,41.96600299997044,5.83261000008406,149.211598000079,199.32280600016838
1135,1780947772.73008,131.49496899995938,5.717978999996376,42.83388199996807,3.7611650000144436,128.29245800003264,180.60548400001153
1136,1780947772.9865973,21.407495999937964,2.0895200000268233,41.98659500002577,4.4828759999973045,207.52143799995793,256.0804290000078
1137,1780947773.184351,97.23021799993603,2.3195960000066407,41.37340299996595,8.534746000009363,145.18801500003065,197.4157600000126
1138,1780947773.3915408,122.35828600000787,4.451560000006793,43.51686699999391,8.22039100000893,150.59863999999834,206.78745800000797
1139,1780947773.6102383,46.941102999994655,4.999417000021822,41.554089999976895,10.446929999943677,161.2567569999328,218.2571939998752
1140,1780947773.82975,130.7436779999307,2.2696690000429953,44.08889100000124,5.951370000047973,166.55401100001654,218.86394100010875
1141,1780947774.0255089,103.78987199999301,2.856360000009772,41.07103000001189,3.8357390000101077,147.52425900007893,195.2873880001107
1142,1780947774.2115304,108.9759699999604,2.1467600000733,40.33815100001448,3.698275000033391,139.3375840000317,185.52077000015288
1143,1780947774.4134738,57.35212299998693,5.153918000019075,41.291677999993226,4.7398960000464285,150.39203900005305,201.57753100011178
1144,1780947774.6180193,27.085435999993024,2.1937060000709607,42.10681500001101,3.681088999996973,156.14300000004278,204.12461000012172
1145,1780947774.9512057,68.61948599998868,2.342558000009376,40.23577999998906,4.166574999999284,286.16090500008795,332.9058180000857
1146,1780947775.3625298,98.4961099999282,3.5057920000554077,40.891081000040685,9.21715899994524,357.1819900000719,410.7960220001132
1147,1780947775.715616,87.87932699999601,4.85554499994123,43.13589699995646,6.603264000091258,297.9467409999188,352.54144699990775
1148,1780947776.0646508,78.7321499999507,2.294280000000981,41.27876899997318,6.302651000055448,298.89146900006835,348.76716900009797
1149,1780947776.26601,97.13372300006995,1.6061260000697075,40.88839300004565,9.743978000074094,148.48567399997137,200.72417100016082
1150,1780947776.4592721,108.05906299992785,1.68727499999477,41.56106599998566,4.690599000014117,144.0669109999817,192.00585099997625
1151,1780947776.7114148,107.06868299996586,1.8552760000147828,43.9572909999697,10.13270399994326,195.6612540000151,251.60652499994285
1152,1780947776.9000733,111.49731700004395,2.9496749999680105,41.60765899996477,6.756451000001107,136.30348800006686,187.61727300000075
1153,1780947777.120627,0.6127639999249368,2.153648999978941,41.06906099991647,3.8438500000665954,172.96154099994965,220.02810099991166
1154,1780947777.2326407,42.60090599996147,3.2196399999975256,40.96055899992734,3.589421000015136,63.85958099997424,111.62920099991425
1155,1780947777.442031,105.59527600003094,5.0709350000488485,41.5183039999647,4.052037000064956,158.34070100004283,208.98197700012133
1156,1780947777.6485703,108.29787500006205,3.0801199999359596,41.42854399992757,7.711162999953558,153.86321599999064,206.08304299980773
1157,1780947777.850188,131.9051269999818,3.5279950000131066,43.53815600006783,5.498160999991342,148.62753900001735,201.19185100008963
1158,1780947777.9112394,8.47020700007306,1.8258129999821904,41.86093700002402,7.805053000083717,9.096323999983724,60.588127000073655
1159,1780947778.082447,126.89420800006701,1.837534999935997,41.22018999999,7.164194999973006,120.47392700003456,170.69584699993356
1160,1780947778.1652365,43.97223199998734,1.6556629999513461,44.5639959999653,7.509789999971872,28.854706000061014,82.58415499994953
1161,1780947778.3674285,128.36979300004714,3.3423449999645527,41.52813600001082,4.878395999980967,152.151027000059,201.89990400001534
1162,1780947778.5629044,118.16327400003956,2.020796000010705,40.917816000046514,4.601671000045826,147.6388929999075,195.17917600001056
1163,1780947778.75291,133.51747000001524,2.41537400006564,41.06120500000543,6.1211109999703694,139.50989399995706,189.1075839999985
1164,1780947778.898266,5.76610799998889,5.273343999988356,43.88124999991305,11.685494999937873,84.19335499991121,145.0334439997505
1165,1780947779.0064514,1.4154210000469902,4.630541999972593,39.90110199993069,5.252251000001706,57.99387799993383,107.77777299983882
1166,1780947779.215323,110.33881000003021,3.8593859999309643,41.4953179999884,11.235730999942461,151.4770139999655,208.06744899982732
1167,1780947779.3699718,43.91983999994409,4.119722000041293,40.6500330000199,5.470845999980156,104.06403100000716,154.3046320000485
1168,1780947779.546657,130.99214399994707,4.187945000012405,40.563663000057204,3.659273999915058,128.05552600002557,176.46640800001023
1169,1780947779.6962824,95.1538399999663,4.685967999989771,44.00793399997838,6.035610000026281,94.40414799996688,149.1336599999613
1170,1780947779.849507,45.08436999992682,1.8288309998979457,42.156750999993164,4.618616000016118,104.33127399994646,152.9354719998537
1171,1780947780.0671492,123.4576309999511,6.398372000035124,42.60293999993792,6.2832599999183,161.98794000001726,217.2725119999086
1172,1780947780.216789,33.34228099993197,4.056999999988875,40.987440999970204,5.015581999941787,99.30031700002928,149.36033999993015
1173,1780947780.2754443,45.10127499997907,3.1686019999597193,40.59571599998435,8.756985999980316,5.7374769999114505,58.258780999835835
1174,1780947780.4447632,59.75251800009573,4.835950999904526,42.71503200004645,4.555004000053486,116.8738819999362,168.97986899994066
1175,1780947780.49903,40.55438199998207,3.4586790000048495,40.871310999932575,4.1363520000459175,5.394510999963131,53.860852999946474
1176,1780947780.55652,54.73384299989448,1.8787019999990662,41.64365100007217,4.585466999969867,8.128314000032333,56.236134000073434
1177,1780947780.617832,57.65014699989024,3.2178440000052433,40.43516000001546,5.968145999986518,11.390676000019084,61.0118260000263
1178,1780947780.683156,60.66452599998229,2.0315179999670363,40.80284799999845,4.5107260000349925,17.72423299996717,65.06932499996765
1179,1780947780.7438686,67.0696570000473,3.4711430000697874,41.8678019999561,8.628039999962311,6.45763199997873,60.42461699996693
1180,1780947780.8080413,69.519420000006,3.1856209999432394,50.64775000005284,4.256483000062872,5.810700999973051,63.900555000032
1181,1780947780.8750582,62.11611300000186,6.853356999954485,48.7296219999962,5.653735999999299,5.411121999941315,66.6478369998913
1182,1780947780.9403508,65.77642299998843,4.819875999942269,42.801957999927254,11.730772000078105,5.658736000100362,65.01134200004799
1183,1780947781.0902655,91.39837199995782,5.090305000067019,40.80445899990082,7.442566999998235,96.32960200008256,149.66693300004863
1184,1780947781.142498,41.99456000003465,3.3727520000184086,40.63499200003662,3.3497530000659026,4.555503000005956,51.913000000126885
1185,1780947781.281459,51.77661099992292,1.6603110000232846,41.31422000000384,4.029703000014706,91.03196099999877,138.0361950000406
1186,1780947781.4456089,2.3945770000182165,2.8460439999662412,43.018680000045606,5.813830000079179,112.09381599996959,163.77237000006062
1187,1780947781.6487112,157.22412599996005,1.9092950000185738,43.107107999958316,4.784839000080865,152.94988499999818,202.75112700005593
1188,1780947781.822357,1.045860999965953,6.433650000076341,41.418961999966086,3.91786799991678,121.42791700000544,173.19839699996464
1189,1780947782.010489,45.591332999947554,4.594319000034375,41.23409100009212,7.64836500002275,134.43694099998993,187.91371600013917
1190,1780947782.1817172,103.45275299994228,5.026229999998577,41.58068399999593,4.340890999969815,119.7191930000372,170.6669980000015
1191,1780947782.3881133,118.45562600001358,4.9638589999858596,40.675640000017665,4.142074000014873,156.24951799998144,206.03109099999983
1192,1780947782.547769,73.31776199998785,1.9387769999639204,40.91777099995397,3.7449590000733224,112.79516799993416,159.39667499992538
1193,1780947782.742906,122.36534700002721,1.9329430000425418,41.576796000072136,3.281325999978435,148.0463340000142,194.83739900010733
1194,1780947782.8929985,105.2156760000571,2.464207000002716,42.11996599997292,5.037248999997246,100.1466679999794,149.76808999995228
1195,1780947782.950611,45.766387999947256,3.8407380000080593,41.43160799992529,5.768791999912537,6.208776999983456,57.24991499982934
1196,1780947783.0092769,56.990950999988854,4.267056000003322,42.10183700001835,4.398799000000508,7.685123999976895,58.452815999999075
1197,1780947783.0749505,58.60090700002729,4.368335000094703,43.600348999916605,6.653651000078753,10.754057999974975,65.37639300006504
1198,1780947783.1880772,65.91971300008481,4.470279999964077,41.64997899999889,7.6836050000110845,59.001613999953406,112.80547799992746
1199,1780947783.2603774,45.57521800006725,2.9497110000420435,40.55441399998472,13.40519299992593,14.641092000033495,71.55040999998619
1200,1780947783.3296876,75.99906099994769,4.411150000009911,47.240306000048804,5.481104000068626,11.205451000023459,68.3380110001508
1201,1780947783.4016016,69.91367400007675,1.9049429999995482,40.82063900000321,10.693058000015299,18.16967900003874,71.5883190000568
1202,1780947783.502007,62.21291999997902,1.8000900000743059,40.6282659999988,3.144473000020298,54.66576100002385,100.23859000011726
1203,1780947783.5604768,47.304141000040545,4.528873000026579,40.44898800009378,7.2386570000162465,5.876349000004666,58.09286700014127
1204,1780947783.7160316,52.83357899998009,2.045350999992479,41.53544200005399,4.318353000030584,107.36054199992395,155.259688000001
1205,1780947783.8883271,58.948910000026444,2.173648999928446,43.117213999948945,5.995849000100861,120.56728800007477,171.85400000005302
1206,1780947784.0331664,94.45459300002312,4.013369000062994,42.36904200001845,5.751995000082388,92.43950200004747,144.5739080002113
1207,1780947784.0872684,4.627447999951073,2.7761910000663192,41.549717999942004,4.749431000050208,4.7838759999194735,53.859215999978005
1208,1780947784.1815143,4.627447999951073,2.2766320000755513,40.23585400000229,3.2183250000343833,46.95959799994398,92.6904090000562
1209,1780947784.2356966,43.191047000050276,1.5891629999487122,40.56878300002609,3.8601449999760007,7.1531559999584715,53.17124699990927
1210,1780947784.3291416,58.36699500002851,3.706125000007887,43.775460000006206,9.538342999917404,36.03872400003638,93.05865199996788
1211,1780947784.3854005,90.24862700005087,2.6715420000300583,42.3067980000269,5.266546999905586,5.5658999999650405,55.810786999927586
1212,1780947784.5268328,14.017364000096677,3.249398999969344,40.55741299998772,4.071739999972124,91.98917900005199,139.86773099998118
1213,1780947784.6837716,43.58758700004728,4.273501000056967,40.3508919999922,4.602483999974538,107.30235099993024,156.52922799995395
1214,1780947784.851659,82.2668910000175,4.325020000010227,42.48359600001095,4.56194699995649,115.86077900005876,167.23134200003642
1215,1780947785.00631,102.98764699996354,2.2226489999184196,43.21002899996529,4.158998999969299,104.64666199993644,154.23833899978945
1216,1780947785.1725821,44.20855399996526,3.2871770000610923,40.81945000007181,3.6701800000855656,116.33396299998822,164.11077000020668
1217,1780947785.335196,1.582976999998209,2.527151999970556,40.261464000082015,6.714114000033078,112.64537600004587,162.14810600013152
1218,1780947785.5370848,131.42144800008282,4.852228000004288,41.145194000023366,4.548335999970732,150.83344999993642,201.3792079999348
1219,1780947785.7216735,90.01530700004423,3.0423050000081275,41.38821399999415,5.007692000049246,134.62090100006208,184.0591120001136
1220,1780947785.9144814,90.33392099991033,2.159926999979689,41.356066000048486,3.541401000006772,145.52492300003905,192.582317000074
1221,1780947786.0216799,73.91918399991937,2.960952000080397,40.912950000006276,10.80142800003614,51.5945989999409,106.26992900006371
1222,1780947786.240782,46.86270499996681,4.335851999940132,41.80275299995628,5.235859999970671,167.40864399992006,218.78310899978715
1223,1780947786.4225624,119.88341500000388,2.3919090000390497,41.31910099999914,3.2102309999118006,134.31900400007635,181.24024500002633
1224,1780947786.6271842,124.40080600003967,2.029647000085788,42.15625599999839,4.848523999953613,155.3160939999998,204.3505210000376
1225,1780947786.771965,41.60739899998589,3.672901999948408,41.1064869999791,6.805947999964701,92.80949399999372,144.39483099988593
1226,1780947786.8895378,3.3032510000339244,3.1707129999176686,41.56884400003946,3.788439999993898,68.80948800005626,117.33748500000729
1227,1780947787.067095,42.99631899993983,4.986321000046701,40.91963400003351,8.487629000001107,122.75839999995242,177.15198400003374
1228,1780947787.2968903,133.73547399999097,3.2795469999200577,41.35221100000308,4.561595000041052,180.14502500000162,229.33837799996581
1229,1780947787.5024002,42.156661000035456,4.032238999911897,40.57559299997138,4.66778100008014,155.90888899998845,205.18450199995186
1230,1780947787.699602,128.92663700006324,2.9171180000275854,44.55233099997713,4.60955800008378,144.63527300006263,196.71428000015112
1231,1780947787.8831553,122.91291700000784,3.5897909999675903,41.23593199994957,6.495482999980595,131.85673600003156,183.17794199992932
1232,1780947788.0832958,126.98839499989845,1.7899599999964266,40.62985299992761,4.033979999917392,153.45632699995804,199.91011999979946
1233,1780947788.2973058,134.83271899997362,2.43826199994146,41.4412469999661,5.274027000041315,164.60608700003831,213.7596229999872
1234,1780947788.4818368,91.20923099999345,1.7448669999566846,43.23072400006822,3.8125510000099894,135.3432050000265,184.1313470000614
1235,1780947788.7555807,138.73175300000185,2.7645789999724,43.60574700001507,5.342804999941109,221.62650500001746,273.33963599994604
1236,1780947788.9508162,87.50225500000397,3.3382510000592447,43.56572699998651,3.883126000005177,144.13642900001378,194.9235330000647
1237,1780947789.144401,115.18880400001308,4.430760999980521,41.658581000092454,3.5384750000275744,143.56764000001476,193.1954570001153
1238,1780947789.3527231,48.222007000049416,1.7428109999855224,42.708403000006,11.248227000010047,152.41360499999246,208.11304599999403
1239,1780947789.5698004,52.223984999955064,5.373380000037287,45.35992600006011,7.249079999951391,158.5463430000118,216.5287290000606
1240,1780947789.7687423,111.3910130000022,3.0863419999604957,41.99487899995802,3.640474999997423,149.8706019999645,198.59229799988043
1241,1780947789.9835513,47.37105499998506,1.89688600005411,41.12401999998383,5.507991999934347,165.98912899996776,214.51802699994005
1242,1780947790.0601254,47.32122100006109,5.150619000005463,42.01304500008973,3.351936000058231,25.675442000078874,76.1910420002323
1243,1780947790.2843914,55.83005099992988,2.514022000013938,41.25372300006802,15.169221999940419,164.23916300004748,223.17613000006986
1244,1780947790.496037,98.86536400006207,4.802208000000974,40.693791999956375,4.2042950000222845,161.56976899992515,211.27006399990478
1245,1780947790.7854578,73.65972200000215,4.230091999943397,40.35301199996866,3.9090340000029755,240.51176000000396,289.003897999919
1246,1780947791.0598042,46.98530699999992,1.9997580000108428,41.127204000076745,4.440223000074184,226.55771200004438,274.12489700020615
1247,1780947791.2766154,117.90168799996081,3.2296939999696406,43.996058999937304,6.1742929999581975,161.68948600000022,215.08953199986536
1248,1780947791.5562563,72.65163700003541,2.0490540000537294,41.698594999957095,4.371555999910015,231.19528199993056,279.3144869998514
1249,1780947791.7853458,140.79269800004113,3.8314779999382154,42.38495300000977,11.417226999924424,169.79581499992946,227.42947299980187
1250,1780947791.8582249,2.207278000014412,2.084202999981244,41.373906999979226,4.360259999998561,24.03133399991475,71.84970399987378
1251,1780947792.0516975,74.55276199993932,2.676615000041238,40.1480079999601,4.288426000016443,145.79827500006104,192.91132400007882
1252,1780947792.280479,52.360851000003095,5.224043999987771,40.60251100008827,3.1327489999739555,179.42475899997135,228.38406300002134
1253,1780947792.5178921,57.76247100004639,4.7430399999939254,40.63893600005031,6.462777000024289,185.22721600004388,237.0719690001124
1254,1780947792.9154718,58.80481199994847,3.0352290000337234,40.26260000000548,5.203524999956244,348.8416010000037,397.34295499999917
1255,1780947792.9926224,2.1222409999381853,2.0775179999645843,41.70533499996054,5.1678030000630315,27.885217000061857,76.83587300005001
1256,1780947793.402144,51.78367700000308,2.788783000028161,41.599092000069504,10.448976000020593,354.3650969999135,409.20194800003173
1257,1780947793.6269941,114.76156000003357,4.607204999956593,40.63167499998599,3.1303409999736687,176.11531799991553,224.48453899983178
1258,1780947793.8416326,132.3155410000254,3.9432559999568184,42.02759499992226,5.660510999973667,162.61663000000226,214.247991999855
1259,1780947794.1198678,71.76310199997715,2.607299000032981,44.31896599999163,4.027015000019674,226.89968500003488,277.85296500007917
1260,1780947794.328082,85.08526900004654,3.044802999966123,40.87932400000227,3.978885000037735,159.98384199997417,207.8868539999803
1261,1780947794.400713,47.322766999968735,3.850327999998626,40.448319999995874,3.4170659999972486,24.383241000009548,72.0989550000013
1262,1780947794.6202161,115.16665099998136,2.938266000001022,40.683933999957844,7.195320000050742,168.2512450000786,219.0687650000882
1263,1780947794.8741546,77.77033699994718,1.7879590000120515,46.027442000081464,5.38563800000702,199.76848999999675,252.96952900009728
1264,1780947795.1035333,46.80987200003983,4.012644999988879,41.73992400001225,3.4364360000154193,179.92115300000933,229.11015800002588
1265,1780947795.305122,120.70967399995425,1.9468869999172966,42.70041199993102,4.770985000050132,151.90863800000898,201.32692199990743
1266,1780947795.5025308,115.50274199998967,2.2056300000485862,41.81847799998195,6.011420999925576,146.3290550000238,196.3645839999799
1267,1780947795.9057598,88.18088500004251,10.033249999992222,40.866488999995454,3.438509999909911,348.47189000004164,402.8101389999392
1268,1780947796.78671,126.0395660000313,3.1557479999264615,40.55276400004004,3.09163700001136,833.1119409999701,879.912089999948
1269,1780947797.0018494,47.05361300000277,2.7744299999312716,41.278230999978405,5.733139999961168,164.8753700000043,214.66117099987514
1270,1780947797.193373,121.56128300000546,5.309024999974099,40.21222200003649,3.875384000025406,141.80867199991098,191.20530299994698
1271,1780947797.2673163,42.7501870000242,2.613595999946483,40.72855899994465,6.123624999986532,24.048365999988164,73.51414599986583
1272,1780947797.537655,69.10177499992187,3.905680000002576,41.587121999896226,5.375599999979386,219.1496080000661,270.0180099999443
1273,1780947797.8337402,46.809590999941975,4.445796000027258,42.41346200001317,7.452709999938634,241.36105200000202,295.6730199999811
1274,1780947797.9073703,42.49275899996974,2.8136350000522725,45.276596000007885,4.774373000032028,20.14772300003642,73.01232700012861
1275,1780947798.118634,75.52071400004934,5.605472000070222,40.29135099995074,5.927659999997559,158.98064400005296,210.80512700007148
1276,1780947798.1814597,42.04045799997402,2.4882239999897138,41.16024600000401,4.061514999989413,14.738177000026553,62.44816200000969
1277,1780947798.2323382,62.23277200001576,1.9583860000693676,41.62421299997732,6.177237000088098,0.5836710000721723,50.343507000206955
1278,1780947798.29882,52.871471999992536,5.036652000057984,40.65046400000938,3.0005619998974,17.576458999997158,66.26413699996192
1279,1780947798.404609,69.39936700007365,4.638149000015801,42.8598339999553,7.016594999981862,51.01264200004607,105.52721999999903
1280,1780947798.4972517,42.42823800007045,3.729159999920739,40.8710209999299,8.501978000026611,39.19952600006127,92.30168499993852
1281,1780947798.66455,75.38600899999892,1.8165149999731511,41.2741919999462,6.479849000015747,117.52094900009524,167.09150500003034
1282,1780947798.766186,49.48359200000141,4.480147999970541,44.849720999991405,5.972938000013528,46.03149000001849,101.33429699999397
1283,1780947798.8179512,54.497540999932426,2.6947809999455785,40.52674100000786,7.4520800000072995,0.6436719999101115,51.31727399987085
1284,1780947799.0205898,102.33497100000477,4.017161999968266,42.77300000001105,4.273609000051692,151.26550399997996,202.32927500001097
1285,1780947799.0699933,1.0450270000319506,4.776799000069332,40.37579399994229,3.154674000029445,0.5778559999498611,48.88512299999093
1286,1780947799.1538079,94.46997700001702,5.083467999952518,40.82898199999363,3.051266000056785,34.670302999984415,83.63401899998735
1287,1780947799.2309947,40.16410600002018,2.0459419999951933,40.9163350000199,7.209225999986302,26.698033000002397,76.86953600000379
1288,1780947799.4911911,108.87883600003079,1.7835520000062388,46.25371300005554,3.860401999986607,207.97507400004633,259.8727410000947
1289,1780947799.580355,2.862116000073911,5.135320000022148,40.03610500001287,4.826372000025003,38.53046400001858,88.5282610000786
1290,1780947799.6800733,47.811390999981995,4.408590999901207,43.389819000026364,6.160550999993575,45.347446000050695,99.30640699997184
1291,1780947799.7699382,99.76105800001278,4.118292999919504,43.27048400000422,5.846436999945581,36.38442700002997,89.61964099989927
1292,1780947800.2869396,77.27401900001496,4.778927999950611,40.43427600004179,4.56070399991404,466.8486089999533,516.6225169998597
1293,1780947800.515833,114.64543499994306,7.626173000062408,41.87160000003587,3.9140319998978157,175.1505019999513,228.5623069999474
1294,1780947800.6310894,87.25187799996093,4.132737999952951,40.65612800002327,5.783269000062319,64.34013499995217,114.91226999999071
1295,1780947800.7041676,69.2982690000008,2.0726279999507824,41.05511199998091,6.544887000018207,22.978631999990284,72.65125899994018
1296,1780947800.7934673,32.13237299996763,2.579576000016459,40.99100100006581,8.886146999998346,36.588187000006656,89.04491100008727
1297,1780947800.887725,44.02697000000444,3.004580000038004,41.68791400002192,5.157098000040605,44.05863700003465,93.90822900013518
1298,1780947801.0325613,100.56911499998478,1.7512919999944643,40.589627000031214,4.8957430000200475,97.43055199999162,144.66721400003735
1299,1780947801.2192185,75.94202400002814,1.8268300000272575,41.67865299996265,6.157087000019601,136.77829499999916,186.44086500000867
1300,1780947801.301965,43.66200300000855,1.758421999966231,40.47271699994326,4.829279999967184,34.65829899994333,81.71871799982
1301,1780947801.390397,40.182195999932446,4.9730399999816655,40.413142000033986,3.9700329999732276,38.27471800002513,87.63093300001401
1302,1780947801.474144,44.60897299998123,2.175480999994761,40.352106000000276,5.343988000049649,35.469935999913105,83.34151099995779
1303,1780947801.525782,83.99358899998788,2.673317999892788,41.3441690000127,6.6714800000227115,0.6252460000268911,51.31421299995509
1304,1780947801.614738,55.96110299995871,8.043250000014268,41.287372000056166,4.266756999982135,34.96089400005076,88.55827300010333
1305,1780947801.7146025,84.37920300002588,1.784126000075048,45.81648300006691,7.81689699999788,44.2158030000428,99.63330900018263
1306,1780947801.798426,55.236540999999306,3.2519519999141266,41.4992070000153,5.161504999932731,33.509419999973034,83.4220839998352
1307,1780947802.0098016,128.18431799996688,2.074702000072648,45.214644999987286,7.3120959999641855,156.45702799997707,211.0584710000012
1308,1780947802.100881,45.232828000052905,4.70229699999436,43.11084799996934,7.012131000010413,35.441119999973125,90.26639599994724
1309,1780947802.1912935,90.49100799995813,5.71036099995581,40.99499799997375,2.971486999967965,40.54354899994905,90.22039499984658
1310,1780947802.2415078,45.74609199994484,2.717244999985269,40.28712199999518,6.004734000043754,0.77939499999502,49.78849600001922
1311,1780947802.335139,91.69214799999281,2.4655020000636796,42.200321999985135,6.173031000002993,42.48076900000797,93.31962400005978
1312,1780947802.9392772,67.61645299991415,4.0036990000089645,40.62369899997975,7.3745040000403606,551.6800110000304,603.6819130000595
1313,1780947803.0287173,1.4831789999334433,2.2969080000621034,41.171629000018584,3.7136959999770625,41.65690899992569,88.83914199998344
1314,1780947803.1215656,94.50355699993906,4.364942000051997,45.44825400000718,8.283085999892137,34.504185000059806,92.60046700001112
1315,1780947803.2169707,46.21107499997379,3.0818400000498514,40.11739600002784,2.897763999953895,48.99170900000627,95.08870900003785
1316,1780947803.2949295,3.2148410000445438,1.547901999970236,43.304903000034756,5.051633999983096,27.749630000016623,77.65406900000471
1317,1780947803.3841383,73.9207430000306,1.6558840000016062,40.844569000000774,7.171576000018831,39.377797999918585,89.0498269999398
1318,1780947803.466489,87.85348399999293,2.668577000008554,40.90956900006404,8.287177999932283,30.135298000004695,82.00062200000957
1319,1780947803.5574822,41.675482999949054,2.0647210000106497,41.02538500001174,8.273677999909523,39.23090799992224,90.59469199985415
1320,1780947803.6453354,8.479531000034513,5.097595999927762,42.79762200008008,7.433208000065861,32.23011099998985,87.55853700006355
1321,1780947803.7439175,87.66424199995981,3.230859000041164,41.40716599999905,10.396323999998458,43.29657099992801,98.33091999996668
1322,1780947803.8009114,2.048867999974391,1.9438489999856756,41.35053600009542,4.628834000072857,8.633421000013186,56.556640000167135
1323,1780947803.8644452,63.40799199995217,3.941587999975127,43.81903799992415,3.383822999921904,12.213043000087964,63.35749199990914
1324,1780947804.0470495,155.1055060000408,4.6044819999906395,41.02244100010921,8.817977999910909,127.82641499995862,182.27131599996937
1325,1780947804.1298451,45.07582399992316,2.9852459999801795,42.89082499997221,4.378184000074725,32.196701999964716,82.45095699999183
1326,1780947804.2237535,77.53958399996463,3.9479580000261194,40.62671400004092,6.06173400001353,42.84878800001479,93.48519400009536
1327,1780947804.3103676,43.39499499997146,2.433964000033484,40.37989699997979,6.6821089999393735,36.82221999997637,86.31818999992902
1328,1780947804.3949702,92.44620300000861,4.811723999978312,46.43913100005648,3.7929380000605306,29.272642000023552,84.31643500011887
1329,1780947804.4690738,34.633646999964185,4.608147999988432,42.34869100002925,4.941057999985787,21.895416000006662,73.79331300001013
1330,1780947804.5411267,75.73238400004811,2.1467950000442215,40.68638199998986,2.9976349999287777,25.89026299995112,71.72107499991398
1331,1780947804.6288931,71.43675700001495,2.7106140000796586,40.57171299996298,5.16135599991685,39.08090599998104,87.52458899994053
1332,1780947804.717464,42.1925599999895,1.749977000031322,41.93601999998009,4.611407000084,40.00841300000957,88.30581700010498
1333,1780947804.8048053,90.32540900000186,3.249267000001055,40.97575399998732,4.986131999999088,37.89297000002989,87.10412300001735
1334,1780947804.8881233,46.05242399998133,3.0731350000223756,41.36453499995696,5.382135999980164,33.04678299991792,82.86658899987742
1335,1780947804.9736392,51.75795200000266,10.188691999928778,41.704536999986885,4.096346999972411,28.98754700004247,84.97712299993054
1336,1780947805.0628428,79.72691499992379,5.317431999969813,43.205270999919776,7.63904299992646,32.76176100007433,88.92350699989038
1337,1780947805.1508641,41.9231480000235,1.8744410000408607,42.659912999965854,10.712844999943627,32.48972199992295,87.73692099987329
1338,1780947805.231889,45.91955099999723,3.150284000071224,42.09326099999089,5.69730500001242,29.592698999977074,80.53354900005161
1339,1780947805.313071,76.69361099999605,1.6322349999882135,40.51532300002236,4.963114000020141,33.88789899997846,80.99857100000918
1340,1780947805.9670994,82.98032799996236,9.974894000038148,44.644244999972216,2.9178199999932986,596.2442139999666,653.7811729999703
1341,1780947806.0217655,45.24284199999329,2.0407749999549196,42.5053570000955,8.957329999930153,0.6023380000215184,54.10580000000209
1342,1780947806.1055152,56.09605600000123,6.198419000043032,42.42354099994827,5.209429999922577,29.63710500000616,83.46849499992004
1343,1780947806.231159,78.8932930000783,1.8165140000974134,41.56714500004455,8.428621999996722,73.56576799998038,125.37804900011906
1344,1780947806.372118,46.19864400001461,4.14755100007369,41.16653000005499,6.777462000059131,88.51221999998415,140.60376300017197
1345,1780947806.4485605,42.786764999959814,2.5374459999056853,41.14999299997635,4.063976999987062,28.324632000021666,76.07604799989076
1346,1780947806.52698,76.57110700006342,3.1536919999552993,41.33432800006176,7.994452000048113,25.71657399994365,78.19904600000882
1347,1780947806.5835905,80.0154679999423,4.113846999985071,40.85162000001219,8.159934999980578,3.2009319999133368,56.326333999891176
1348,1780947806.7158082,55.82368399996085,2.933597999913218,42.36776200002623,7.775081000090722,78.61929099999543,131.6957320000256
1349,1780947806.7969673,45.10369100000844,4.157291999945301,41.23851199994988,4.225292999990415,30.78479900000275,80.40589599988834
1350,1780947807.4489512,52.03005900000335,1.7724399999679008,42.24620500008314,9.876931000007971,597.2064799999544,651.1020560000134
1351,1780947807.5292459,2.513409000016509,2.0131460000811785,40.991490000010344,9.833762999960527,27.123474000063652,79.9618730001157
1352,1780947807.6078935,82.74976500001685,3.432323999959408,42.44326099990303,5.24028199993154,27.28238199995303,78.39824899974701
1353,1780947807.6834424,33.44583799992051,3.8622710000026927,40.45369000004939,3.0296349999616723,27.907276000064485,75.25287200007824
1354,1780947807.7701662,78.53467600000386,4.033327999991343,40.67085799999859,7.533095999974648,34.10300999996707,86.34029199993165
1355,1780947807.8568075,46.45788499999526,3.075449999982993,45.018911000056505,5.3490420000343875,32.910834000063005,86.35423700013689
1356,1780947807.9378507,92.25907999996252,5.44519200002469,48.68192200001431,7.476003999954628,19.114242999989983,80.71736099998361
1357,1780947808.0157783,73.76463799994326,4.410664000033648,42.82430099999601,5.375875999902746,25.081401999955233,77.69224299988764
1358,1780947808.100732,74.4739929999696,4.197310999984438,42.09836800009725,5.39418999994723,32.68029399998795,84.37016300001687
1359,1780947808.1645846,6.105437000087477,1.741180999943026,46.66547800002263,8.213324000053035,6.907387999945058,63.52737099996375
1360,1780947808.2484312,66.83826599999065,2.1744990000343023,42.17486799996095,13.348420000056649,25.90853699996387,83.60632400001577
1361,1780947808.5984044,59.55398599996897,3.1059689999892726,44.63148000002093,5.57217400000809,296.41545899994526,349.72508199996355
1362,1780947808.6721063,43.00717099999929,2.1924800000761024,41.45338199998605,7.8296169999703125,21.773911999957818,73.24939099999028
1363,1780947808.8928006,96.24929400001747,4.661833000000115,40.739671999972416,10.181450999994013,164.8128330000418,220.39578900000834
1364,1780947809.0599635,43.14830200007691,3.493176000006315,40.7681719999573,7.915581000020211,114.64800999999625,166.82493899998008
1365,1780947809.2678998,135.89647100002367,4.384312000070167,41.58426999993026,4.026845999987927,157.4373610000066,207.43278899999495
1366,1780947809.3397949,41.818919999968784,1.969293000001926,40.53963199999089,7.06440700002986,22.036042999957317,71.60937499997999
1367,1780947809.5043325,90.90887800005021,1.6602719999809779,42.43847999998707,5.907637999939652,114.27930100001049,164.2856909999182
1368,1780947809.702025,70.13423400007923,1.6507719999481196,41.51541700002781,3.6504909999166557,150.52753000009034,197.34420999998292
1369,1780947809.763286,2.961579000043457,4.831038000020271,40.37009399996805,3.655528999956914,12.11100200009696,60.967663000042194
1370,1780947809.841525,103.25414099997943,1.490253000042685,42.27670100010528,5.408783999996558,28.81765099994027,77.99338900008479
1371,1780947809.938788,36.22093199999199,3.4262309999348872,40.178609999998116,10.660750999932134,42.67337099997803,96.93896299984317
1372,1780947810.0537581,1.2053430000378285,2.119164999953682,41.4971580000838,4.078013000025749,67.02004099997794,114.71437700004117
1373,1780947810.1688468,44.10004700002901,6.793756000092799,42.658887000015966,4.6897400000034395,60.547767999992175,114.69015100010438
1374,1780947810.332065,96.52738200009026,6.325957000058224,43.66833999995379,7.538262000025497,105.29611599997679,162.8286750000143
1375,1780947810.4373758,41.452767999999196,2.3287220000156594,41.65576799994142,3.998161000026812,57.06211100005021,105.0447620000341
1376,1780947810.4909697,46.9794580000098,6.738238000025376,40.36461100008637,5.398986000045625,0.700376000054348,53.20221100021172
1377,1780947810.5449436,51.59386499997254,2.46603799996592,43.42000500002996,7.070906999956605,0.6388200000628785,53.595770000015364
1378,1780947810.5973904,55.47565400001986,2.145331999940936,42.95018599998457,4.890723000016806,2.2155540000312612,52.20179499997357
1379,1780947810.7430816,53.297304000011536,4.728814000031889,42.94959399999243,5.745786000034059,92.0100129999355,145.43420699999388
1380,1780947810.8917422,42.37381200005075,3.045561000021735,41.855436999981066,4.497628000081022,98.69982500003971,148.09845100012353
1381,1780947811.0578392,3.9041420000103244,3.026041999987683,45.56370600005266,4.03197600007843,112.2976499999595,164.91937400007828
1382,1780947811.1744077,43.74224699995466,5.202632999953494,42.81231300001309,6.847182999990764,61.177103999966675,116.03923299992402
1383,1780947811.241116,44.5584560000043,2.0618859999785855,40.012901999944006,8.6191409999401,13.926310999977431,64.62023999984012
1384,1780947811.3226125,64.91300300001512,4.752739999958067,40.55903700009367,7.11901800002579,28.774741000006543,81.20553600008407
1385,1780947811.554368,56.95468199996867,2.073015999940253,41.91312100010691,3.8607899999760775,183.63675700004478,231.48368400006802
1386,1780947811.7672539,130.28273299994453,3.046541999992769,41.08063299997866,9.920910000005279,158.393986999954,212.4420719999307
1387,1780947812.1380644,57.27120099993499,2.0382379999546174,41.318636000028164,4.947964000052707,322.2825870000179,370.5874250000534
1388,1780947812.2133763,2.949282000031417,5.654359000004661,41.82973000001766,4.694499000038377,22.73526800001946,74.91385600008016
1389,1780947812.2909727,73.37454799994703,1.7376609999928405,43.37183500001629,8.063617999937378,24.20220499993775,77.37531899988426
1390,1780947812.4837453,96.13783500003592,4.620072999955482,43.427946000065276,7.340020000015102,137.07050200002868,192.45854100006454
1391,1780947812.5584478,55.55841000000328,4.304570000044805,40.50386900007652,4.36588600007326,25.20728699994379,74.38161200013838
1392,1780947812.6334937,62.689686999988226,1.679828000078487,42.1628999999939,4.827056000067387,26.070183000001634,74.7399670001414
1393,1780947812.7753265,51.1303199999702,6.85292399998616,40.55694300006962,6.184603000065181,87.63706499996715,141.23153500008812
1394,1780947813.0323045,57.43564699992021,4.924556999981178,40.82322199997179,5.075261000001774,205.69823499999984,256.5212749999546
1395,1780947813.104789,5.506802000013522,2.535185999931855,41.18394600004649,2.489666999963447,25.978736000070057,72.18753500001185
1396,1780947813.3564923,57.164253999985704,2.348387999973056,40.86433299994496,10.339950000002318,197.58605599997736,251.1387269998977
1397,1780947813.5443878,131.14048900001762,4.563035000046511,42.04885999990893,3.5993420000295373,137.33877799995753,187.5500149999425
1398,1780947813.623005,2.7185949999193326,4.673035999985586,41.94815599998947,5.823304000045937,25.6690300000173,78.11352600003829
1399,1780947813.697353,74.48431299997083,1.6485500000271713,42.05586000000494,4.864258999987214,25.58534399997825,74.15401299999758
1400,1780947813.7773685,52.874480000014046,2.1972020000475823,40.27210599997488,12.484152000070026,24.044481000032647,78.99794100012514
1401,1780947813.9911838,52.89185100002669,3.992696999944201,40.57760799992138,8.376842000075158,160.49141899998176,213.4385659999225
1402,1780947814.070365,43.98720699998648,6.444511999916358,40.73573799996666,4.689368999947874,26.832390000095074,78.70200899992597
1403,1780947814.1504054,47.58017899996503,4.06316099997639,44.1939680000587,7.976745999940249,23.29988200006028,79.53375700003562
1404,1780947814.235738,10.83586100003231,3.2782289999886416,42.96949600006883,13.216118999935134,25.60088099994573,85.06472499993833
1405,1780947814.3121183,72.97587400000793,2.441499999918051,41.36264900000697,7.22688799999105,25.134821999927226,76.1658589998433
1406,1780947814.3951993,45.262476000061724,3.1464319999940926,44.204004999983226,8.695715000044402,26.64655599994603,82.69270799996775
1407,1780947814.4699006,40.46558699997149,3.136448999953245,44.648989999927835,3.0869870000742594,23.660309999968376,74.53273599992372
1408,1780947814.5441806,2.94976299994687,1.9420329999775277,41.5620219999937,7.1785549999958675,23.339437999993606,74.0220479999607
1409,1780947814.6186285,72.48623999998927,1.6463829999793234,40.89947900001789,7.384149000017715,24.31494500001463,74.24495600002956
1410,1780947814.6951752,42.53204700000879,1.8362179999940054,41.06948100002228,6.321808000052442,26.980725000044004,76.20823200011273
1411,1780947814.8658242,111.49525999996968,4.578645999913533,40.90866500007451,6.7657550000603806,118.13921899999968,170.3922850000481
1412,1780947814.943078,44.91693699992538,5.4725790000702546,41.318520000004355,4.011179000031007,25.82040100003269,76.6226790001383
1413,1780947815.0255759,72.7236489999541,1.7336799999156938,44.2229129999987,9.938113000089288,26.38940500003173,82.28411100003541
1414,1780947815.2567537,83.06016899996393,3.0986350000148377,41.674873000033585,7.381945000020096,178.6702309999555,230.825684000024
1415,1780947815.338835,47.679251999966255,3.671749999966778,41.89624499997535,7.520650000060414,28.597272999945744,81.68591799994829
1416,1780947815.4188182,75.87255999999343,3.3952850000105173,40.94173800001499,5.21644799994192,30.142951000016183,79.69642199998361
1417,1780947815.5010576,43.08047600000009,2.8685780000614614,43.28723699995862,9.300108000047658,26.573369000061575,82.02929200012932
1418,1780947815.5806718,78.65354400007618,2.421889000061128,40.82614400010698,7.464704999961214,28.669162000028336,79.38190000015766
1419,1780947815.9203389,61.996657999998206,3.07026500001939,45.4577350000136,4.99698199996601,285.6349170000385,339.1598990000375
1420,1780947815.9999292,43.49112700003843,4.758220999974583,41.582391000019925,5.348077000007834,27.531838999948377,79.22052799995072
1421,1780947816.1871905,132.89880399997855,3.1386540000539753,41.577203999963785,4.667127999937293,137.6472100000683,187.03019600002335
1422,1780947816.3699336,53.87846399992213,1.7909209999515951,40.78736500002833,4.522404999988794,135.27009999995698,182.3707909999257
1423,1780947816.548855,131.26658800001678,2.2996280000597835,41.5687039999284,4.218308999952569,130.43304400002853,178.5196849999693
1424,1780947816.624129,43.750405999958275,3.135801999974319,40.62521499997729,3.285339999933967,27.9103780000014,74.95673499988698
1425,1780947816.7912073,116.83557099991049,3.75273199995263,40.62171600003239,4.4779040000548775,117.74163400002635,166.59398600006625
1426,1780947816.8676476,44.33809499994368,4.938389000017196,41.09823700002835,3.316266000069845,26.428701000099863,75.78159300021525
1427,1780947816.9561148,73.90537499998118,4.631850000009763,43.61573899996074,6.782736999980443,33.07526900005087,88.10559500000181
1428,1780947817.042163,57.182673999932376,4.91479699996944,41.25657200006572,11.859459999982391,27.690358000086235,85.72118700010378
1429,1780947817.124433,42.056521000063185,1.7568839999739794,41.538424999998824,6.911626000032811,31.797629000038796,82.00456400004441
1430,1780947817.2065504,10.97873100002289,2.383925000003728,41.462367999997696,5.407170000012229,32.51044900002853,81.76391200004218
1431,1780947817.2904336,73.93535500000326,2.7276309999706427,42.287134000048354,11.980386000004728,26.317512999980863,83.31266400000459
1432,1780947817.3680935,1.882570000020678,1.7480139999861422,42.32159800005775,4.002178000064305,29.329425000014453,77.40121500012265
1433,1780947817.4481936,78.08249700008218,1.7892349999328871,41.161848000001555,7.135923999953775,29.814003000069533,79.90100999995775
1434,1780947817.540049,57.84950999998273,6.100379000031353,45.18152599996483,8.255155000028935,30.656028000066726,90.19308800009185
1435,1780947817.6198454,46.76618600001348,4.210234999959539,40.226859000085824,6.294529000001603,28.785958000071332,79.5175810001183
1436,1780947817.7714155,76.8060240000068,4.487552000000505,41.010698999912165,4.397255999947447,101.32194999994226,151.21745699980238
1437,1780947817.9792295,67.36654600001657,3.6609350000844643,40.78264199995374,4.0829560000474885,158.91682999995282,207.44336300003852
1438,1780947818.063862,48.45918000000893,4.685238999968533,40.52037899998595,5.618172000026789,33.53210399995987,84.35589399994115
1439,1780947818.2542253,65.26556500000424,1.8519019999985176,41.706628000042656,11.025137999922663,135.5675559999554,190.15122399991924
1440,1780947818.6926267,126.4322470000252,6.841644000019187,40.7055279999895,7.576500999903146,382.9080079999585,438.03168099987033
1441,1780947818.769089,42.39820800000871,3.5241930000893262,41.311162000056356,5.658875999984048,25.310467999929642,75.80469900005937
1442,1780947818.844362,75.25260199997774,1.352010000005066,42.832692000047246,3.175986999963243,27.70726400001422,75.06795300002977
1443,1780947818.9285734,45.37641599995368,4.719980000004398,44.323499999904925,4.597145999923669,30.17007799996918,83.81070399980217
1444,1780947819.012427,86.93343200002346,2.5354079999715395,48.850571000002674,6.122343000015462,26.074232999917513,83.58255499990719
1445,1780947819.094306,50.90454800006228,3.3046359999389097,44.16938599990772,6.214917000079367,27.847393999991255,81.53633299991725
1446,1780947819.1704042,41.52416199997333,2.192552999986219,41.80123900005128,3.99462300003961,27.75974500002576,75.74816000010287
1447,1780947819.5081875,87.68543400003637,1.999033999936728,42.1145750000278,6.6486979999353935,286.7716470000232,337.53395399992314
1448,1780947819.5925598,6.5163450000227385,5.6706909999775235,41.34969799997634,9.263661999966644,27.784429999996973,84.06848099991748
1449,1780947819.801586,47.738412999933644,4.7454429999334025,40.222820000053616,3.7688619999016737,160.051142000043,208.7882669999317
1450,1780947819.8762946,41.267679000043245,5.132871000000705,40.82160100006149,3.2138390000682193,24.56262800001241,73.73093900014283
1451,1780947820.0528088,107.35157999999956,4.136586999948122,41.684014999987085,7.042090000027201,123.37953199994445,176.24222399990686
1452,1780947820.13138,42.00683099998059,7.198756999969191,40.74556200009738,3.3705249999229636,26.935903999969923,78.25074799995946
1453,1780947820.2900229,75.04211499997382,4.645664000008765,45.143429000063406,5.800173000011455,102.79184000000896,158.3811060000926
1454,1780947820.4944615,101.49138600002061,2.142998000067564,40.85400799999661,3.0425410000134434,158.06526999995185,204.10481700002947
1455,1780947820.695599,109.60744700003033,1.882124999951884,40.82108199997947,4.738515999974879,153.3271060000061,200.76882899991233
1456,1780947820.8179054,43.887753000035445,2.321961999996347,43.20748800000729,4.709256999944955,71.78996100003587,122.02866799998446
1457,1780947821.0139642,119.73337400002038,3.386395999996239,41.11847299998317,4.31140199998481,146.87426000000414,195.69053099996836
1458,1780947821.08505,2.5237590000415366,1.7600129999664205,41.35175099997923,6.796013999974093,20.856877000028362,70.7646549999481
1459,1780947821.2801094,88.63747300006253,3.277041999922403,40.79847000002701,4.430236000075638,146.29388199989535,194.7996299999204
1460,1780947821.640836,45.912859000054596,4.28642100007437,40.178760999992846,4.992075000018303,310.90143599999465,360.35869300008017
1461,1780947821.7777827,43.83621400006632,3.3450610000045344,41.23806500001592,8.406469999954425,83.55780500005494,136.54740100002982
1462,1780947821.9006448,1.9436070000438121,2.101700999901368,40.9342860000379,4.523534000099971,74.96407500002533,122.52359600006457
1463,1780947822.0844543,74.94581399998879,3.8718250000329135,41.54438199998367,7.546445000002677,130.32552000004216,183.28817200006142
1464,1780947822.1931775,45.39839100004883,4.40934699997797,40.905006000002686,3.8647879999871293,59.221973999910915,108.4011149998787
1465,1780947822.3029647,1.9125699999449353,1.5520119999337112,42.96663200000239,6.09026699999049,58.66380299994489,109.27271399987148
1466,1780947822.4364567,1.6677339999660035,1.7193280000356026,41.16336000004139,7.157645999996021,83.179911000002,133.220245000075
1467,1780947822.626533,117.70812899999328,3.5560259999556365,40.67885599999954,3.119244999993498,142.39190400007828,189.74603100002696
1468,1780947822.8175232,43.72697099995548,3.329710000002706,40.18336999990879,4.628200999945875,142.31516200004535,190.45644299990272
1469,1780947822.9659302,41.98079200000393,2.0685529999582286,42.036402999997335,7.411554999976033,96.27913700001045,147.79564799994205
1470,1780947823.0801003,41.87238300005447,4.63466399992285,40.33572399998775,3.2668379999449826,65.66831600002843,113.90554199988401
1471,1780947823.316414,129.4220070000165,5.720559999986108,41.212896000047294,6.9863290000284906,181.98472699998547,235.90451200004736
1472,1780947823.5739343,53.48235600001772,2.1220520000042598,42.76527700005772,4.349347000015769,208.03108600000542,257.26776200008317
1473,1780947823.8002486,82.43749600001138,2.174146000015753,42.42588599993269,4.130049000082181,177.0575609999696,225.78764200000023
1474,1780947824.124859,62.74692299996332,2.394406999997045,42.32368200007386,4.808146999948804,274.7719620000453,324.298198000065
1475,1780947824.3026733,100.73988600004213,5.171779000079368,41.57630399993195,11.949032000075022,118.58949800000573,177.28661300009207
1476,1780947824.4654317,5.572929000095428,3.510267000024214,40.50250000000233,8.47398799999155,109.92445300007603,162.41120800009412
1477,1780947824.64266,110.60329200006436,1.8307169999616235,42.46105200002148,3.330580000010741,129.16487199993298,176.78722099992683
1478,1780947824.8335238,115.25810400007686,5.355186999963735,40.70640899999489,4.4053099999246115,139.9989330000153,190.46583899989855
1479,1780947824.962725,6.614845000058267,2.845149999984642,43.587726999930965,5.4565220000313275,76.85700800004724,128.74640699999418
1480,1780947825.1619067,107.44302499995229,4.279956999994283,46.20581900007892,4.806998000049134,143.34893399995963,198.64170800008196
1481,1780947825.310806,95.31539900001462,4.682608999928561,47.49047600000722,6.424992000006569,89.56952400001228,148.16760099995463
1482,1780947825.4790442,96.0080149999385,2.221442000063689,40.672593000067536,9.613089000026775,115.24428500001704,167.75140900017504
1483,1780947825.6092873,67.84347600000729,7.745092999925873,41.69147000004614,5.629651999925045,74.69989699995949,129.76611199985655
1484,1780947825.8166256,128.6793269999862,3.7535650000108944,44.61069599994971,4.982536000056825,153.4619899999825,206.80878699999994
1485,1780947825.9484901,2.8062799999588606,3.2793020000099204,42.50445800005309,7.872539000004508,77.94986499993684,131.60616400000436
1486,1780947826.0095153,47.158270000068114,2.473091999945609,42.47940200002631,5.431317000102354,10.418389999927058,60.80220100000133
1487,1780947826.1879864,57.70819700001084,2.729315999999926,40.69490700010192,6.475380999972913,127.97794800007978,177.87755200015454
1488,1780947826.3683407,78.16203000004407,4.553533000034804,41.215077000060774,4.47014400003809,128.6706559999402,178.90941000007388
1489,1780947826.5355968,96.2231429999747,7.414090999986911,40.547443000036765,2.947780999988936,115.95776800004387,166.86708300005648
1490,1780947826.7182395,38.05551700008891,5.095019000009415,42.19673199997942,3.935158999979649,131.10504500002662,182.3319549999951
1491,1780947826.8753974,3.7736940000741015,1.8815879999465324,42.00617499998316,5.014981000044827,107.97580299993115,156.87854699990567
1492,1780947827.008671,43.977078000011716,4.220160000045325,40.579127999990305,7.820555999956014,80.4162129999213,133.03605699991294
1493,1780947827.1447825,6.205860000022767,5.122630000073514,43.517943999972886,9.628661999954602,77.49417200000153,135.76340800000253
1494,1780947827.2454138,2.058310999927926,1.8264579999822672,41.151779000074384,3.819175999979052,53.45288700004858,100.25030000008428
1495,1780947827.3814375,45.3821800000469,5.782227000054263,40.59560899997905,4.13352999999006,85.23546800006443,135.7468340000878
1496,1780947827.5705938,107.29092400003992,4.535161999910997,42.75238299999273,5.2749270000731485,135.97083499996643,188.5333069999433
1497,1780947827.771116,140.47355299999253,2.618019000010463,41.16890899990722,3.873250000083317,152.1219700000529,199.7821480000539
1498,1780947827.968996,132.41151299996545,2.6730379998980425,41.30611300001874,10.654854999984309,143.03257200003827,197.66657799993936
1499,1780947828.1459243,18.24757600002158,1.8422540000528898,41.55483700003515,4.356495000024552,128.81185300000197,176.56543900011457
1500,1780947828.3005147,66.00291999995989,8.58307999999397,42.23045200001252,3.4164689999443,99.1673799999262,153.397380999877
1501,1780947828.5192194,113.62948499993308,3.1947459999628336,42.090914000027624,4.473106999967058,168.4755280000445,218.23429500000202
1502,1780947828.6798177,42.3771380000062,5.536299000027611,40.765163999935794,5.288889999974344,108.5367440000482,160.12709699998595
1503,1780947828.784783,45.093714000017826,4.566902999954436,40.97892500010403,4.552051000018764,54.45533699992211,104.55321599999934
1504,1780947829.0169556,21.759564000035425,4.816386000015882,44.19020700004239,6.178692999924351,176.52419699993516,231.70948299991778
1505,1780947829.1615725,95.55959199997233,2.1314599999868733,40.88040399994952,4.66344099993421,96.50304400008736,144.17834899995796
1506,1780947829.3117583,99.76336399995489,3.4499690000302508,42.364637999980914,9.001564999948641,94.9687920000315,149.7849639999913
1507,1780947829.4704769,96.68500800000857,3.680397000039193,42.47817499992834,4.396068999994895,107.78366100009862,158.33830200006105
1508,1780947829.6870542,48.947536000014225,6.0345250000182205,41.75715099995614,3.9669179999464177,164.49386499994034,216.25245899986112
1509,1780947829.8543737,42.88347399995018,3.28996799999004,41.77857800004858,6.357860000093751,115.5834579999464,167.00986400007878
1510,1780947830.0153909,1.9840700000486322,4.090584000095987,42.362507999996524,4.0380289999575325,110.03693600002862,160.52805700007866
1511,1780947830.156247,92.98155300007238,3.7612859999853754,42.741711999951804,7.533331999979964,86.41870899998594,140.45503899990308
1512,1780947830.305222,41.50525900001867,4.047121000098741,41.056866999952035,5.002629000045999,98.34849799995027,148.45511500004704
1513,1780947830.4250677,45.16113700003643,4.3836240000700855,42.04863299992212,6.674676999978146,66.31734400002642,119.42427799999678
1514,1780947830.6405878,57.482818000039515,4.8849240000663485,40.96605199993064,7.692572999985714,161.41944900005,214.9629980000327
1515,1780947830.8296537,84.57975199996781,3.319228000009389,40.668586000037976,7.414627000002838,137.35914699998375,188.76158800003395
1516,1780947830.8949072,43.36216199999399,3.4599880000314442,41.97644800001399,2.698055999985627,16.918842999984918,65.05333500001598
1517,1780947831.1336803,43.59549599996626,2.2687570000243795,40.28025100001287,4.479253999988941,191.52167899994765,238.54994099997384
1518,1780947831.2924137,104.82915299996876,3.20694899994578,42.36220899997534,4.0151769999283715,108.83692200002315,158.42125699987264
1519,1780947831.4332905,79.17746999999054,1.8198089999259537,41.67911100000765,4.174622000050476,92.83432600000197,140.50786799998605
1520,1780947831.6070569,58.584546000020055,2.0001440000214643,42.176282000014,4.686866000042755,123.71825100001388,172.5815430000921
1521,1780947831.805065,113.05041499997515,4.480755000031422,42.09300299999086,4.159955999966769,146.330818000024,197.06453200001306
1522,1780947831.9341552,1.443324999968354,2.0066069999984393,42.34798600009526,5.34113100002287,79.03809899994485,128.73382300006142
1523,1780947832.0769844,41.16644099997302,1.7964200000051278,41.14232999995693,3.9714910000157033,95.59591800007183,142.5061590000496
1524,1780947832.2188013,46.174308999979985,5.251963000091564,49.62835099991025,7.088420000059159,79.22963500004698,141.19836900010796
1525,1780947832.3628826,1.5847710000116422,3.15841199994793,41.591517000028944,3.889934999961042,95.04357999992408,143.683443999862
1526,1780947832.5253897,43.16958300000806,4.315641999937725,43.22486099999878,8.541968000031375,106.08462100003635,162.16709200000423
1527,1780947832.674646,98.07230499995967,2.6602969999203196,40.89132699994025,4.195307000031789,100.96291899992593,148.7098499998183
1528,1780947832.8537288,121.33626700006062,2.8447800000321877,44.24823900001229,11.034596999934365,120.21960999993553,178.34722599991437
1529,1780947832.9780018,1.3683430000810404,3.4600980000050185,40.90273399992839,3.6440999999740598,75.89657500000158,123.90350699990904
1530,1780947833.1895974,79.17028100007428,2.489888000013707,40.481119999981274,7.438755999942259,160.74296700003288,211.15273099997012
1531,1780947833.3501606,77.38560099994629,5.528576000074281,41.22173500002191,4.501623999999538,108.79839699998683,160.05033200008256
1532,1780947833.5306299,1.6749560001017016,2.041476999920633,41.91438800000924,12.211975000013808,123.82374300000265,179.99158299994633
1533,1780947833.7550502,128.25964500007103,4.328179000026466,42.26305700001376,5.192777000047499,172.04617599998073,223.83018900006846
1534,1780947833.937304,11.04824499998358,4.89751600002819,40.800398999977006,3.1720959999574916,132.92284499993912,181.7928559999018
1535,1780947834.1197069,126.16464600000654,3.9223979999860603,41.70083099995736,5.28975999998238,130.92838299996856,181.84137199989436
1536,1780947834.3228877,133.74547600005826,3.8351379999994606,41.66658899998765,4.889348999995491,152.45208900000762,202.84316499999022
1537,1780947834.5120387,136.73899700006586,2.5694249999332897,40.760157000022446,4.0255650000062815,141.04376800003138,188.3989149999934
1538,1780947834.6976583,62.8249420000202,4.702626000039345,42.35690899997735,8.44004100008533,129.34044500002528,184.8400210001273
1539,1780947834.7711995,42.23607400001583,2.9003530000863975,41.54956900003981,4.380030999982409,23.952224000026945,72.78217700013556
1540,1780947834.9540355,70.97775700003695,1.8513100000063787,42.8082999999333,7.759147000001576,129.96376399996734,182.3825209999086
1541,1780947835.178878,17.011786000011853,3.917213000022457,45.164354000007734,6.702195000002575,168.69901300003676,224.48277500006952
1542,1780947835.3148618,2.0253479999610136,2.0919780000667743,41.03058299995155,3.8613980000263837,88.70115800004896,135.68511700009367
1543,1780947835.4631877,43.64032299997689,1.8244939999476628,42.2271099999989,9.928902999945421,93.95473100005347,147.93523799994546
1544,1780947835.6675196,34.602741999947284,1.6986040000119829,42.55939000006492,8.540671000105249,151.0636489999797,203.86231400016186
1545,1780947835.8726804,82.76209699999981,1.9579579999344787,41.391974999896775,4.5135499999560125,156.9681529999798,204.83163599976706
1546,1780947835.9527032,6.315730000096664,2.1398849999059166,43.565748999981224,8.128575999990062,25.637031000087518,79.47124099996472
1547,1780947836.2104375,62.36682400003701,2.58966599994892,50.466279000033865,6.199432000016714,197.95850899993184,257.21388599993134
1548,1780947836.41242,127.27888599999915,2.656481000030908,40.732562000016515,8.416798999974162,149.83439599996018,201.64023799998176
1549,1780947836.6112294,116.49983000006614,2.073162999977285,41.861625000024105,5.601150000074995,148.92075900002055,198.45669700009694
1550,1780947836.8271914,52.4996070000725,4.6239209999612285,40.82374699999036,6.407766999927844,162.6496879999877,214.50512299986713
1551,1780947837.016467,72.96449000000393,5.009868000001916,40.9907480000129,5.7472060000236525,137.02108400002544,188.7689060000639
1552,1780947837.1794963,105.36213800003225,1.7766610000080618,42.56198000007316,3.940991000035865,114.16877399994974,162.44840600006683
1553,1780947837.3734384,105.07008100000803,1.6907899999978326,40.47989200000757,3.9305080000531234,147.45187500000156,193.5530650000601
1554,1780947837.5783224,69.60831600008532,1.8561979999276446,40.54046600003858,4.7882919999437945,157.32646100002512,204.51141699993514
1555,1780947837.7650592,83.8608970000223,1.8617169999970429,42.86964999994325,3.4371909999890704,138.32031200001893,186.4888699999483
1556,1780947837.9635909,108.98627399990346,4.425956999966729,42.55696200004877,7.5406260000363545,143.62951399994017,198.15305899999203
1557,1780947838.131497,110.19074199998613,2.2066630000381338,40.942987999983416,6.079727000042112,118.03024100004222,167.25961900010589
1558,1780947838.3054655,119.66717799998605,4.886644999942291,40.83776400000261,4.136399000003621,123.35174099996493,173.21254899991345
1559,1780947838.4881995,118.37231800006975,7.004622999943422,41.89219700003832,8.370594000098208,124.86163999994915,182.1290540000291
1560,1780947838.7013347,57.15704299996105,2.473054000006414,41.52563800005282,3.506876000074044,165.21264100003918,212.71820900017246
1561,1780947838.9162068,67.37276100000145,4.51953100002811,40.28738900001372,4.164657999922383,165.59221800002888,214.5637959999931
1562,1780947839.051254,46.75713699998596,2.319220000003952,41.41063800000211,5.142054000089047,85.75772100004997,134.62963300014508
1563,1780947839.1735606,45.113699000012275,4.440734000013435,40.95807800001694,3.194151000002421,73.39578300002358,121.98874600005638
1564,1780947839.300973,14.212300999929539,5.264944000032301,42.27430900004947,4.66401300002417,74.76675500004148,126.97002100014743
1565,1780947839.4172785,44.11521100007576,3.437764999944193,42.268864999982725,9.529472999929567,60.74819499997375,115.98429799983023
1566,1780947839.5279708,1.0936740000033751,2.3774800000637697,40.19346199993379,3.7175619999061382,64.02453299995159,110.31303699985529
1567,1780947839.672259,2.3908870000468596,1.8602170000576734,41.15282099996875,4.841662999979235,96.07555000002321,143.93025100002887
1568,1780947839.7644515,44.04493300000922,5.469759999982671,42.24143900000854,5.361223000022619,38.79678500004502,91.86920700005885
1569,1780947839.8709702,98.6037899999701,2.333126999928936,41.98128899997755,9.864308000032906,51.99283900003593,106.17156299997532
1570,1780947839.9772046,47.18956499993965,4.551326999944649,44.5956030000616,4.368881999994301,52.29347099998449,105.80928299998504
1571,1780947840.0588043,44.537288000014996,2.119402999937847,42.16554899994662,4.4162149999920075,32.64996500001871,81.35113199989519
1572,1780947840.1632664,80.96079500000997,1.8080119999694944,42.35473500000353,4.742754000062632,55.235081999967406,104.14058300000306
1573,1780947840.2745943,45.846148000009634,1.6554930000438617,42.31980899999144,8.299889999989318,58.70268000001033,110.97787200003495
1574,1780947840.3827062,1.2418969999998808,4.57749400004559,41.33750500000133,4.842108000048029,56.90146300003107,107.65857000012602
1575,1780947840.5002582,1.402491000021655,1.7511969999759458,41.514432999974815,6.488081000043167,67.35018400001991,117.10389500001384
1576,1780947840.611878,45.99196300000585,4.806772999927489,41.64846999992733,3.6527110000861285,61.1981410000908,111.30609500003175
1577,1780947840.724691,45.25451300003169,8.310872000038216,43.061998999974094,3.020909999918331,57.87684100005208,112.27062199998272
1578,1780947840.8427892,42.5967359999504,2.422627999976612,43.92943099992408,7.0126040000104695,64.31488500004434,117.6795479999555
1579,1780947840.9662142,48.3796280000206,3.956896999966375,45.48192300001119,6.689804999950866,65.8257660001027,121.95439100003114
1580,1780947841.0764089,44.09072800001468,2.933149999989837,41.21181900006832,4.215974000089773,61.486734000027354,109.84767700017528
1581,1780947841.2482173,65.40335399995456,1.8983090000119773,41.19005899997319,5.042794000019057,123.35436099999697,171.4855230000012
1582,1780947841.4256842,21.49547999999868,1.995736000026227,41.91665700000158,4.130325000005541,129.07289999998284,177.11561800001618
1583,1780947841.5559494,50.037563999921986,1.789826999925026,40.937576000033005,5.016812000008031,82.30633999994552,130.05055499991158
1584,1780947841.616002,44.98730699992848,4.867496000088067,42.3828450000201,6.1888010000075155,5.908337000050778,59.34747900016646
1585,1780947841.6731265,55.907067000021016,2.4129980000680007,42.05023199995139,5.9765780000589075,6.361673000014889,56.80148100009319
1586,1780947841.729423,55.782657999998264,2.119403000051534,40.99050199999965,3.3603749999429056,9.588676000021223,56.058956000015314
1587,1780947841.7893498,57.02712999993764,2.6596110000127737,41.1428549999755,4.917847999990954,10.927240999990318,59.64755499996954
1588,1780947841.8478885,49.63207900004818,5.001107999987653,41.58880199997839,6.7720089999738775,4.709477000005791,58.07139599994571
1589,1780947841.907102,53.26112199998079,4.027934999953686,41.36548600001788,5.4238879999957135,8.204131000070447,59.02144000003773
1590,1780947841.9608908,57.095408999998654,2.881187000070895,40.368478999994295,4.006785999990825,6.222782999998344,53.47923500005436
1591,1780947842.0141265,53.092880000008336,1.9674210000175663,40.99794600006135,5.767001999970489,4.1693060001080084,52.90167500015741
1592,1780947842.071646,53.85657000010724,2.056514000059906,41.077501000017946,7.1093999999902735,7.033806999970693,57.27722200003882
1593,1780947842.128149,57.86370900000293,2.403146000006018,41.329984999947555,5.559555999980148,7.000640000001113,56.293326999934834
1594,1780947842.1931756,59.09999400000743,4.335530000048493,41.861044000029324,4.748218000031557,13.766686000053596,64.71147800016297
1595,1780947842.2625897,8.746578000000227,1.7069010000341223,41.93239599999288,10.336533999975472,14.99269499993261,68.96852599993508
1596,1780947842.3380976,69.60386200000812,5.059051999978692,45.17664100001184,6.055208000020684,18.930942999986655,75.22184399999787
1597,1780947842.4117777,33.62158000004456,8.014516999992338,40.37451500005318,3.1424659999856885,21.935501000029944,73.46699900006115
1598,1780947842.5037584,43.98318799997014,3.4356159999333613,43.876797999928385,5.841039999950226,38.40146499999264,91.55491899980461
1599,1780947842.585934,44.608025999991696,4.724495000004936,40.56121999997231,5.347795999909977,31.266175000041585,81.8996859999288
1600,1780947842.6816616,94.79468100005306,8.103499999947417,45.66116300009071,7.875202000036552,33.085132999985944,94.72499800006062
1601,1780947842.7851992,43.15575700002228,2.4628130000792225,44.282671000019036,6.3703959999656945,50.08248799992998,103.19836799999393
1602,1780947842.8891106,4.369511000049897,1.8755870000859431,43.16012599997521,7.123438000007809,51.32910800000445,103.48825900007341
1603,1780947843.0124779,46.91437400003906,1.7919379999966623,44.45950599995285,6.028540999977849,70.87616700005128,123.15615199997865
1604,1780947843.1205537,53.214637999985825,6.352561000085188,44.875340999965374,5.466926000053718,50.60452800000803,107.29935600011231
1605,1780947843.233091,46.66181600009622,6.590767000034248,40.61429399996541,6.0908749999271095,58.83252800003902,112.12846399996579
1606,1780947843.3540835,42.133303000014166,3.5868940000227667,41.33722400001716,4.740939000043909,71.01012900000114,120.67518600008498
1607,1780947843.491438,44.802878000041346,4.8247910000327465,41.20127900000625,3.339374000006501,86.12334200006444,135.48878600010994
1608,1780947843.6181233,41.017406999912964,3.9550269999608645,40.828073000056975,10.862498999927084,70.36762499990346,126.01322399984838
1609,1780947843.7660291,42.35767599993778,8.424168000033205,43.21242200001052,8.133611000062047,86.42562300008194,146.1958240001877
1610,1780947843.873977,42.14391499999692,3.515395000022181,41.18926099999953,6.224931000019751,56.663734999915505,107.59332199995697
1611,1780947844.0088804,41.82174599998234,5.58901900001274,40.50058899997566,3.845248000061474,84.3485340000143,134.28339000006417
1612,1780947844.13321,49.94167099994229,4.392270999915127,44.1830199999913,12.752344999967136,62.54997700000331,123.87761299987687
1613,1780947844.2242498,2.0099210000807943,2.090940000016417,41.40961299992796,4.1860659999883865,43.12734600000567,90.81396499993843
1614,1780947844.3529053,46.64596299994628,3.7664139999833424,46.472962000052576,6.023022000022138,72.01639300001261,128.27879100007067
1615,1780947844.466642,2.1232550000149786,1.8295119999720555,41.394631000002846,4.679901999907088,65.4914969999254,113.39554199980739
1616,1780947844.5821393,5.2198690000295755,1.7774189999499868,41.8938939999407,13.551332000020011,57.95855799999572,115.18120299990642
1617,1780947844.7556486,113.46387599996888,4.736217000072429,41.870375000030435,6.902713000044969,119.51213899999402,173.02144400014186
1618,1780947844.9318378,111.96994099998392,2.219162999949731,41.13559199993233,12.460196000006363,119.99740199996722,175.81235299985565
1619,1780947845.1095092,132.55903900005706,1.8306419999589707,41.38068600002498,4.058323999970526,130.1186890000281,177.38834099998257
1620,1780947845.2728674,106.4324179999403,3.057057000091845,41.044941999984985,5.54594499999439,113.19951899997704,162.84746300004826
1621,1780947845.3837593,1.5213249999987966,2.6224990000400794,41.23144400000456,4.748143000028904,62.0059160000892,110.60800200016274
1622,1780947845.4683733,2.427459999921666,3.654968999967423,41.1719250000715,8.698317999915162,30.822577999970235,84.34778999992432
1623,1780947845.5306373,40.40934499994364,1.903086999959669,40.64267999990534,3.9853609999909168,15.394214000025386,61.92534199988131
1624,1780947845.6284935,1.189803999977812,1.6731409999692914,42.4796370000422,4.690401999937421,48.63288299998203,97.47606299993095
1625,1780947845.7311237,3.247910000027332,1.714066999966235,42.206487000044035,6.0295399999859,52.433815000085815,102.38390900008199
1626,1780947845.8047454,41.870039999935216,1.8419010000343405,42.86480600001141,2.641832999984217,25.988859999984015,73.33740000001399
1627,1780947845.8817081,75.36933999995199,2.68548099995769,42.56839700008186,7.888997999998537,23.591936000002534,76.73481200004062
1628,1780947846.0016446,6.291580000038266,2.0518100000117556,42.51641500002279,3.9717120000659634,71.16160800001126,119.70154500011176
1629,1780947846.0898185,44.267980999961765,4.517807999945944,41.629944999954205,10.367920999897251,31.31361700002344,87.82929099982084
1630,1780947846.1783116,2.258459000017865,1.869011999929171,40.608308999935616,7.7292179998948995,37.95364299992343,88.16018199968312
1631,1780947846.3072586,47.08183399998234,2.142681000009361,45.50161999998181,3.135724999992817,77.92531699999472,128.7053429999787
1632,1780947846.4621089,103.0610230000093,5.382332000067436,40.794532000063555,10.486107000019729,97.28128100005051,153.94425200020123
1633,1780947846.615573,72.28642799998397,6.619581999984803,44.77831799999876,6.1397079999778725,95.61874999997144,153.15635799993288
1634,1780947846.682509,43.14799199994468,2.0232910000004267,41.19731299999785,5.133015999945201,18.150269999978264,66.50388999992174
1635,1780947846.7530575,13.9385749999974,1.7528640000818996,41.55762999994295,6.300542000076348,20.611488999975336,70.22252500007653
1636,1780947846.8117776,58.57229899993399,1.928180000049906,42.740229999935764,8.925966999981938,4.849125000077947,58.443502000045555
1637,1780947846.8704617,61.67417199992542,4.433621999964998,43.82392299999083,5.99041100008435,4.177230999971471,58.42518700001165
1638,1780947846.9266703,55.09146099996087,2.9807240000536694,40.9632739999779,6.8301939999173555,5.1703310000448255,55.94452299999375
1639,1780947846.9962926,59.89541900009954,5.0974600000017745,42.63361799996801,5.047496999964096,16.47594299993216,69.25451799986604
1640,1780947847.149545,52.345329999980095,7.010231999970529,44.46153700007471,6.4900439999746595,94.90537300007418,152.86718600009408
1641,1780947847.2962635,42.08405800000037,3.5644129999354845,40.52932599995529,4.226546000040798,97.29853700002877,145.61882199996035
1642,1780947847.4080222,42.568895000044904,5.3001100000074075,42.13998399995944,7.528383000021677,56.432765000067775,111.4012420000563
1643,1780947847.5305338,42.17702100004317,4.817976000026647,40.97675499997422,6.892026999935297,69.25147999993442,121.93823799987058
1644,1780947847.6547418,11.63913400000638,5.354591000013897,43.87655200002882,5.859650000047623,68.51749400004792,123.60828700013826
1645,1780947847.811657,53.364429999987806,8.20140599989827,42.17463299994506,7.9812569999830885,98.19246900008238,156.5497649999088
1646,1780947847.9607334,82.76947800004564,2.224144000024353,41.263496999931704,7.470846000046549,97.66131799995037,148.61980499995298
1647,1780947848.104441,43.23412099995494,4.021785999952954,41.14979200005564,4.4174920000159545,93.60775099992225,143.1968209999468
1648,1780947848.2434328,3.6313389999804713,1.8854759999840098,41.39632999999776,6.050726000012219,89.23101799996402,138.563549999958
1649,1780947848.4563158,102.02236199995696,1.9060130000525533,42.282761999899776,6.309783000006064,162.11946500004615,212.61802300000454
1650,1780947848.605598,42.15302000000065,4.255806000060147,42.16035400008877,3.9884710000706036,97.25986800003739,147.6644990002569
1651,1780947848.8378217,69.297014999961,3.824339999937365,41.0321979999253,6.887452999990273,179.94743500003096,231.6914259998839
1652,1780947848.9192567,44.37125799995556,3.3263740000393227,40.94027200005712,3.412670999978218,33.51812999994763,81.1974470000223
1653,1780947848.9757655,42.4129670000184,1.9686239999145982,42.240853999942374,4.819623999992473,7.041564999894945,56.07066699974439
1654,1780947849.1888807,113.1711189999578,1.740177999977277,40.46547199993711,5.534980999982508,165.06201700008205,212.80264799997894
1655,1780947849.402874,21.55823500004317,6.456023999930949,41.08030900010817,4.650956999967093,161.49927100002515,213.68656100003136
1656,1780947849.6262815,70.15676000003168,2.2454219999872294,42.426522000027944,6.552784999939831,171.8106909999051,223.0354199998601
1657,1780947849.8674843,57.351065000034396,2.967445999956908,41.56536700008928,3.802932999974473,192.6542740000059,240.99002000002656
1658,1780947850.0182343,48.07698500007973,2.0855140001003747,41.0608830000001,5.792760000076669,101.45755899998221,150.39671600015936
1659,1780947850.1540475,61.45873900004517,1.7317520000688091,42.66018800001348,4.725772000028883,86.4322180000272,135.54993000013837
1660,1780947850.2805848,47.75455500009684,7.600808999995934,41.21697499999755,5.922890999954689,71.41504399999121,126.15571899993938
1661,1780947850.4315317,111.57825299994784,2.507385999933831,39.842910999936976,4.539955999916856,103.64390499989895,150.5341579996866
1662,1780947850.6165912,53.90429999999924,2.909889000079602,41.70714500003214,6.710063000014088,133.42465599998832,184.75175300011415
1663,1780947850.7971566,117.9375550000259,4.704641999978776,40.39122899996528,5.908871999963594,129.11892400006764,180.12366699997528
1664,1780947850.9832656,72.8654419999657,1.8392529999573526,44.1956790000404,6.237059000000045,133.55428700003813,185.82627800003593
1665,1780947851.1622343,45.66885600002024,4.602159999990363,41.79182999996556,11.95083799996155,120.18386300007933,178.5286909999968
1666,1780947851.3190653,46.19595099995877,5.263293999973939,43.32189499996275,6.346077999978661,100.92603300006431,155.85729999997966
1667,1780947851.447192,3.4445410000216725,3.7233389999755673,40.50478499993915,2.843054999971173,80.74969599999804,127.82087499988393
1668,1780947851.698224,129.1481250000288,5.006421999951272,43.59685999997964,5.735889999982646,196.14910200004942,250.48827399996298
1669,1780947851.955384,52.357250999989446,2.4967939999669397,41.59910700002456,2.5936650000630834,209.946729999956,256.6362960000106
1670,1780947852.142619,40.0133730000789,5.548369000052844,40.74508199994398,3.581765000035375,137.02782099994693,186.90303699997912
1671,1780947852.3136995,96.74640999992334,1.6770479999195231,43.025170000078106,6.65574699996796,119.31257600008394,170.67054100004952
1672,1780947852.4757829,105.4291519999424,4.747235000081673,40.997360000005756,5.755741000029957,110.13703499997973,161.63737100009712
1673,1780947852.68652,129.0261950000513,2.0845699999654244,40.942840999946384,4.915366000091126,162.45569099999102,210.39846799999395
1674,1780947852.8208208,42.8377419999606,2.5838499999508713,43.31418999993275,3.902932999949371,84.26795799994125,134.06893099977424
1675,1780947853.0372212,133.6752440000737,8.206108999956996,40.128724999931364,5.784019999964585,162.04344700008733,216.16230099994027
1676,1780947853.2055652,112.61791799995535,1.9270870000127616,40.923784999904456,3.569876000028671,121.6380329999538,168.05878099989968
1677,1780947853.3990521,21.579808000069534,6.556727999964096,40.70839500002421,5.090922000022147,140.7640459999584,193.12009099996885
1678,1780947853.5553951,3.477207999935672,2.5891090000413897,41.10786000001099,8.807538999917597,103.22798699996838,155.73249499993835
1679,1780947853.7265222,111.60304100008034,3.284779999944476,41.09886000003371,5.991206000089733,120.15091199998551,170.52575800005343
1680,1780947853.9650218,68.72618800002783,2.136403000008613,43.32983699998749,3.41826300007142,189.25928800001657,238.1437910000841
1681,1780947854.1551044,108.38953600000423,2.282477999983712,41.14208199996483,5.412923999983832,140.95117299996218,189.78865699989456
1682,1780947854.395168,96.15182699997149,4.351788000008128,42.62170300000889,4.650752999964425,188.00171899999896,239.6259629999804
1683,1780947854.5351343,40.907561000040005,5.091089000075044,41.27015599999595,4.385250999916934,88.45777700003055,139.20427300001847
1684,1780947854.730765,11.766373000000385,2.022734999968634,40.79052399993088,3.1164650000619076,149.26981999997224,195.19954399993367
1685,1780947854.9220426,52.487766000012925,2.024902000016482,42.86805499998536,3.033000999948854,143.0086499999561,190.9346079999068
1686,1780947855.114695,130.44089899995015,2.100531999985833,41.69771499994113,4.064008000000285,144.54860099999678,192.41085599992402
1687,1780947855.3200047,100.93683800005238,1.7623439999852053,41.970308000031764,7.768810000015947,153.33486099996207,204.836322999995
1688,1780947855.4912543,42.301773999952275,2.3537750000741653,40.651485000012144,4.52425100002074,123.48546499993063,171.01497600003768
1689,1780947855.689175,80.52041000007648,2.80014800000572,43.3132430000569,5.818556000008357,144.48960000004263,196.4215470001136
1690,1780947855.880654,95.33333799993216,4.4914000000062515,41.44598999994287,4.493306999961533,140.72944600002302,191.16014299993367
1691,1780947856.0698416,100.74944699999833,4.4743999999354855,42.54547799996544,4.430028000001585,137.34845999999834,188.79836599990085
1692,1780947856.216774,2.752036000060798,3.394725000021026,45.834202000037294,6.973229999971409,90.36478500001976,146.5669420000495
1693,1780947856.3410337,2.07862499996736,2.0575510000071517,41.741064999996524,7.310436000011578,72.80765300004077,123.91670500005603
1694,1780947856.458657,43.435743000031835,4.182582999987972,42.11415899999338,12.011669999992591,58.933675000048424,117.24208700002237
1695,1780947856.633661,68.44892200001595,4.580899999950816,46.076018000007934,9.353225999916503,114.60723699997288,174.61738099984814
1696,1780947856.8042266,1.6714919999003541,4.419398999971236,44.557250000025306,5.558202999964124,115.77276399998482,170.30761599994548
1697,1780947857.0191429,96.85793900007411,5.089126000029864,40.78090999996675,7.502603999910207,161.21516599991992,214.58780599982674
1698,1780947857.1750045,92.47861099993315,1.95078999990983,41.04965199996968,6.005242000014732,106.06277200008662,155.06845599998087
1699,1780947857.3378234,43.612243000097806,4.357824000067012,40.8084460000282,4.137377999995806,113.01918700007718,162.3228350001682
1700,1780947857.5213418,76.19176699995478,3.82382099996903,43.05875699992612,5.530517000011059,129.8305169999594,182.2436119998656
1701,1780947857.729172,42.15980700007549,5.099161999964963,40.482722999968246,5.12090300003365,156.82289400001537,207.52568199998223
1702,1780947857.888385,42.28682599989497,2.2449400000823516,40.3483510000342,3.7492089999204836,112.53179499999533,158.87429500003236
1703,1780947858.0866594,84.49865299996873,8.240756000077454,42.47169899997516,5.703073000063341,141.4276080000718,197.84313600018777
1704,1780947858.284559,125.75682100009544,5.113051999956042,41.85123000002022,3.7832649999245405,146.7721410000422,197.51968799994302
1705,1780947858.4797459,57.38394100001187,2.1947909999653348,40.78288999994584,3.088685999955487,148.6989680000761,194.76533499994275
1706,1780947858.6528683,102.40384000007907,4.538565999951061,41.29313400005685,4.246841999929529,122.6310059998923,172.70954799982974
1707,1780947858.7919374,3.184169000064685,1.980679000098462,41.978768000035416,3.44781800004057,91.28252700008943,138.68979200026388
1708,1780947859.003041,118.27112499997838,1.7054740000048696,41.91687900004126,4.890920000093502,162.04321999998683,210.55649300012647
1709,1780947859.1949134,95.57186699998965,2.099829000030695,42.356084000061855,2.4127560000124504,144.62393799999518,191.49260700010018
1710,1780947859.3987746,114.9401579999676,3.631097000038608,43.451591000007284,5.898852999962401,150.49630999999408,203.47785100000237
1711,1780947859.6013212,11.98096500002066,4.3453979999412695,41.4882080000325,8.853797000028862,147.6393469999948,202.32674999999745
1712,1780947859.7444172,98.41358899996067,2.372830000012982,40.78016699997988,3.9324879999185214,95.7862949999253,142.8717799998367
1713,1780947859.913355,90.9037819999412,1.7048629999862897,40.50131299993609,8.086292000029971,118.25717800002167,168.54964599997402
1714,1780947860.1013374,91.70215699998607,7.140822999986085,40.880371999946874,5.46031299995775,134.18362899994918,187.6651369998399
1715,1780947860.2493522,90.03305299995645,4.883567999968363,41.05994499991539,2.7070909999338255,98.99409100000867,147.64469499982624
1716,1780947860.4793634,122.06866300005004,1.8382900000233349,41.441744000053404,3.500485000017761,182.85204799997246,229.63256700006696
1717,1780947860.6853027,57.504142999960095,2.124921000017821,40.80251799996404,4.173747999971056,158.11594699994203,205.21713399989494
1718,1780947860.9189463,69.43695900008606,4.782104000014442,40.79714799991052,3.9805440000009185,183.69368300000133,233.2534789999272
1719,1780947861.061851,3.0110559999911857,1.7967339999813703,41.55902300010439,9.056224000005386,90.14384800002517,142.55582900011632
1720,1780947861.205927,44.35603900003571,2.5622019999218537,43.41964399998233,5.1012169999467005,92.01728499999717,143.10034799984805
1721,1780947861.3507974,1.9330310000214013,1.7642330000171569,41.517742999985785,5.473905000030754,95.4481769999802,144.2040580000139
1722,1780947861.4655886,45.911919999980455,3.9337839999689095,42.626677000043856,3.89558099993792,64.01651600003788,114.47255799998857
1723,1780947861.5938294,1.4801020000732024,1.997013000050174,42.490694000093754,5.552812999894741,77.86843600001703,127.9089560000557
1724,1780947861.8182247,2.046217000042816,6.1709279999604405,41.53002100008507,6.07926000009229,170.21627899998748,223.99648800012528
1725,1780947861.9618864,85.1154999999153,3.3293909999656535,41.05323999999655,6.575096999995367,92.00834000000668,142.96606799996425
1726,1780947862.1405947,113.37397300007979,4.578009999931965,40.826887999969586,5.567498000004889,127.23172599999089,178.20412199989732
1727,1780947862.344778,125.24893600004816,3.259539000055156,41.568373000018255,6.187501999988854,152.69457199997305,203.70998600003531
1728,1780947862.5426426,117.13410799995927,5.009438999991289,41.150815000037255,7.489455000040834,143.8651089999894,197.51481800005877
1729,1780947862.668397,3.625541000019439,1.701733000004424,41.75328099995568,4.296063999959188,77.53554300006726,125.28662099998655
1730,1780947862.8556716,124.89582199998495,3.451337000001331,40.871275999961654,3.950876999965658,138.5356309999679,186.80912099989655
1731,1780947863.0264125,0.842876000092474,3.8228759999583417,40.69631100003335,4.441917000008289,121.20783599993956,170.16893999993954
1732,1780947863.2195814,109.85331799997766,1.7754739999418234,40.445735000048444,4.748141000050055,145.671264999919,192.64061499995933
1733,1780947863.3834643,1.1677850000069157,2.259366000089358,41.81900300000052,4.880234999973254,114.70355200003723,163.66215600010037
1734,1780947863.5177765,1.0063390000141226,1.8074370000249473,40.539642999988246,3.6292260000436727,87.91432900000018,133.89063500005705
1735,1780947863.6840525,44.06922099997246,4.706158999965737,41.49170400000912,4.997623999997813,114.77557099999558,165.97105799996825
1736,1780947863.8225422,49.698182000042834,3.2049640000195723,42.53389599989532,5.665869000040402,86.33333700004187,137.73806599999716
1737,1780947863.9439104,41.76485400000729,3.1090380000478035,40.48734699995293,5.527608000079454,71.77554300005795,120.89953600013814
1738,1780947864.1797755,88.62771999997676,1.7237700000123368,40.85707100000491,10.858160999987376,182.15128600002117,235.5902880000258
1739,1780947864.356076,78.40880499998093,1.984048999929655,40.458327000010286,3.3212979999461822,130.20012799995584,175.96380199984196
1740,1780947864.5333455,2.225346999921385,3.3771319999686966,43.79101400002128,4.9402159999090145,124.70340800007307,176.81176999997206
1741,1780947864.724543,0.989951000065048,3.602708000016719,42.69980300000498,5.239810999910333,139.06818299994939,190.6105049998814
1742,1780947864.918908,122.60095099998125,4.283323000095152,41.47246299999097,8.947575000092911,139.45298199996614,194.15634300014517
1743,1780947865.09021,1.1656550000225252,2.1196620000409894,41.12999800008765,5.379421999919032,122.24051999999119,170.86960200003887
1744,1780947865.2663274,121.67921999991904,3.363909999961834,40.67982700007633,4.709030000071834,126.90003099999103,175.65279800010103
1745,1780947865.4453332,108.62802799999827,1.8207520000714794,42.97386000007464,4.483564999986811,129.35247199993682,178.63064900006975
1746,1780947865.6222312,100.20156799998858,3.549725999960174,42.92178599996532,6.6643750000139335,123.50952799999959,176.64541499993902
1747,1780947865.778568,43.530808000014076,4.3022119999704955,40.39551000005304,4.358767999974589,106.97533200004727,156.0318220000454
1748,1780947865.9222631,42.6208950000273,2.7572760000111884,42.111373000011554,5.8605930000794615,92.6258910000115,143.3551330001137
1749,1780947866.0425084,43.8832550000825,4.216896999992059,40.31602799989287,3.2894469999291687,72.08144799994898,119.90381999976307
1750,1780947866.1880267,45.687486999895555,2.3474780000469764,40.82179099998484,5.871054999943226,94.83466200003932,143.87498600001436
1751,1780947866.3033328,1.5673809999725563,2.0781430000624823,41.54140599996481,3.5775220000004992,67.89462500000809,115.09169600003588
1752,1780947866.4325297,43.124544999955106,2.29858799991689,44.009791999997105,9.901302000002943,72.55546900000809,128.76515099992503
1753,1780947866.5816681,0.981302000013784,2.108902000031776,40.69056700006968,3.9692469999863533,102.05420699992374,148.82292300001154
1754,1780947866.7459867,107.94161400008306,4.264323000029435,40.78056799994556,8.603794000009657,110.32329500005744,163.9719800000421
1755,1780947866.9033618,107.43642599993564,5.891702999974768,41.63864700001341,5.906295999920985,103.61186499994801,157.04851099985717
1756,1780947867.0630991,111.71970999998848,5.072401000006721,40.33600899992962,5.38507099997787,108.1372989999636,158.9307799998778
1757,1780947867.2093923,43.790289000071425,3.2453349999741476,40.68217700000787,4.858752000018285,97.01317299993661,145.79943699993692
1758,1780947867.3932312,44.287681000014345,2.5231629999780125,40.94767899994167,4.265805000045475,135.745709000048,183.48235600001317
1759,1780947867.5429456,44.2198290000988,2.720313999930113,41.96424099995966,11.49521900003947,92.70888799994736,148.8886619998766
1760,1780947867.7171597,118.68832599998314,2.1097349999763537,42.14350100005504,10.29947099993933,119.38982999993186,173.9425369999026
1761,1780947867.9130292,108.71561599992674,1.766900000006899,41.78216599996176,3.484596000021156,148.49876900007075,195.53243100006057
1762,1780947868.1181016,110.63077500000418,4.1880620000256386,43.46252800007733,5.766351000033865,151.26833900001202,204.68528000014885
1763,1780947868.3227425,84.5181690000345,4.30017400003635,40.74343600007069,5.5185530000017025,153.69559400005528,204.25775700016402
1764,1780947868.5298727,109.71374900009323,2.061124000078962,40.4996749999782,4.151766000063617,159.84429900004216,206.55686400016293
1765,1780947868.7505672,56.370291000007455,3.612503999988803,41.403772999956345,4.070673999990504,171.36638800002402,220.45333899995967
1766,1780947869.0255287,73.4490629999982,3.2361500000206433,41.39190299997608,5.410126000015225,223.93780400000196,273.9759830000139
1767,1780947869.2519295,66.2203499999805,4.9020110000128625,40.47021200005929,7.899290000068504,172.71470799994404,225.9862210000847
1768,1780947869.5110972,61.29570899997816,5.594090000045071,40.87071300000389,3.048629999966579,209.2742280000266,258.78766100004214
1769,1780947869.7344596,128.11095199992906,3.3111689999714145,40.44869300003029,10.114413999986027,169.13094500000625,223.00522099999398
1770,1780947869.9429364,71.21764099997563,2.6314229999115923,40.77838000000611,4.215933000068617,160.5766150000818,208.20235100006812
1771,1780947870.170575,68.17111999998815,5.039697999905002,40.529637000076946,7.946382000000085,173.45681899996634,226.97253599994838
1772,1780947870.3961883,52.914990000090256,6.011295999996946,40.71241500002998,4.968881999957375,173.50707899993267,225.19967199991697
1773,1780947870.4777436,2.890776999947775,1.8191589999787539,42.08058999995501,4.995734000090124,32.25217799990787,81.14766099993176
1774,1780947870.5607421,56.65667999994639,4.648028000019622,40.50926599995819,6.101260000036746,31.498230000011063,82.75678400002562
1775,1780947870.6485176,27.958967000017765,2.3343479999766714,41.031083999996554,9.112092999998822,34.39058100002512,86.86810599999717
1776,1780947870.754342,46.66545200007022,4.113394999990305,41.310012000053575,6.759504000001471,53.34969699993053,105.53260799997588
1777,1780947870.8354566,43.671618999951534,1.9121970000242072,40.588395999975546,4.857954999920366,33.49459300000035,80.85314099992047
1778,1780947870.9267669,42.2437390000141,3.2272600000169405,42.44338900002731,11.567033999995147,33.69104000000789,90.92872300004728
1779,1780947871.0080054,45.187072999965494,1.7734919999838894,42.6322790000313,5.789553999989039,30.70640999999341,80.90173499999764
1780,1780947871.107662,85.35285299990392,3.98541300000943,41.249954999898364,7.659082999907696,46.229465999999775,99.12391699981526
1781,1780947871.1914585,56.183619999956136,3.3779280000771905,43.14715199996044,4.795362999971076,32.05428700005086,83.37473000005957
1782,1780947871.2714188,43.57357999992928,1.8884739999975864,41.86197699993954,5.4543479999438205,30.32107299998188,79.52587199986283
1783,1780947871.3576179,47.08721300005436,3.2062600000699604,43.623987999922065,7.2315809999281555,31.50832200003606,85.57015099995624
1784,1780947871.6026933,32.597883999983424,5.443550999984836,41.466753000008794,11.510830000020178,186.32215299999189,244.7432870000057
1785,1780947871.6846728,2.917092000075172,2.2219580000637507,41.12065799995435,5.819997999992665,32.51967999995031,81.68229399996108
1786,1780947871.7653482,43.01389200008998,1.738621999948009,41.69797600002312,4.506453000090005,32.4462720000156,80.38932300007673
1787,1780947871.8563752,53.78784600009112,7.86480700003267,42.4690360000568,7.743990999983907,32.64543899990713,90.72327299998051
1788,1780947871.9421356,79.29551999995965,3.4262609999586857,41.49956799994925,4.508119999968585,36.01784900001803,85.45179799989455
1789,1780947872.0278254,45.164922999902046,2.737423999974453,41.56973400006336,7.560102000070401,33.40144300000247,85.26870300011069
1790,1780947872.1158605,6.281037999997352,1.9587709999768776,44.65745599998172,9.756910999954016,31.22007800004667,87.59321599995928
1791,1780947872.208861,34.551375999967604,4.34304499992777,46.55191200004083,4.247081000016806,37.16507799992996,92.30711599991537
1792,1780947872.5229292,54.995685999983834,3.2116309999992154,41.18093500005671,5.166031999920051,264.20289899999716,313.76149699997313
1793,1780947872.6110756,17.55742199998167,2.9561110000031476,44.93532799995137,5.664794000040274,33.91103900003145,87.46727200002624
1794,1780947872.7012281,68.96695499995076,3.3851509999749396,41.94171799997548,10.99927099994602,33.48029599999336,89.8064359998898
1795,1780947872.7856727,44.99051400000553,1.7200099999854501,45.35196000006181,5.389959000012823,31.693358999973498,84.15528800003358
1796,1780947872.8678648,41.37673299999278,3.1147409999903175,41.11239700000624,5.389218000004803,32.34001100008754,81.9563670000889
1797,1780947872.9608622,34.261430000015025,4.326156000047376,46.050612000044566,7.527583000069171,34.825433999913,92.72978500007412
1798,1780947873.0409236,51.236069999959,2.553386000045066,40.54122700006246,4.504785999984051,32.13563899998917,79.73503800008075
1799,1780947873.1282384,45.00729100004719,1.9740679999813437,40.670727000019724,8.739848999994138,35.67766000003303,87.06230400002823
1800,1780947873.5089195,54.420848000063415,2.488829999947484,40.597263999984534,4.2631559999790625,332.1243229999027,379.47357299981377
1801,1780947873.594521,42.90020400003414,4.636213000026146,40.64202300003217,3.6830220000183544,36.00806999997985,84.96932800005652
1802,1780947873.6788461,46.26989099995171,3.168462999951771,40.657467999949404,5.672366999988299,34.54956099994888,84.04785899983835
1803,1780947873.7630696,79.26273800001127,1.5240830000493588,42.42953400000715,5.419458999995186,34.61180199997216,83.98487800002385
1804,1780947873.8593943,53.482323000025644,1.673048000043309,48.36942200006433,8.592829999997775,37.34102199996414,95.97632200006956
1805,1780947873.9497573,2.0737910000434567,4.984215000035874,42.535998000062136,10.57128599995849,31.932600999994065,90.02410000005057
1806,1780947874.0287879,1.4465460000110397,1.9977339999286414,40.86517400003231,4.441545999952723,31.425393000063195,78.72984699997687
1807,1780947874.1165962,79.26990399994338,1.806066999961331,40.70359699994697,9.300463000045056,35.75852999995277,87.56865699990612
1808,1780947874.2048004,47.15226500002245,4.690324000080182,43.301315999997314,6.500149999965288,33.515165000039815,88.0069550000826
1809,1780947874.2986329,42.768943000055515,6.362982999917222,41.65725100006057,5.09682699998848,40.40811400000166,93.52517499996793
1810,1780947874.3877115,49.84630100000231,5.377995000003466,46.51004000004377,5.396310999913112,31.509541999980684,88.79388799994103
1811,1780947874.4764857,80.60826300004464,4.058321000002252,42.450830000007045,8.27840199997354,33.64303600005769,88.43058900004053
1812,1780947874.5669317,50.436044999969454,6.0804070000131105,48.98227700005009,5.51760700000159,29.490639999949053,90.07093100001384
1813,1780947874.651769,2.5972939999974187,1.810843999919598,42.50540399993952,7.972307000045475,32.27889899994807,84.56745399985266
1814,1780947874.7425852,47.611176000032174,4.34958200003166,42.57833099995878,10.72787900000094,32.91017999993073,90.56597199992211
1815,1780947874.8296793,45.07451200004198,4.963659999930314,40.43187299998863,8.097381999959907,33.32223800009615,86.815152999975
1816,1780947874.9203124,45.615089000079934,2.4527740000621634,41.296118999980536,13.046097000028567,33.53783199997906,90.33282200005033
1817,1780947875.0059276,45.073585999944044,4.643713000064054,40.44779900004869,6.42296500006978,33.74186999997164,85.25634700015416
1818,1780947875.0916133,42.14608600000247,4.854417999922589,40.87811600004443,3.9330979999476767,35.74665899998308,85.41229099989778
1819,1780947875.1789649,85.20282699998916,2.586440999948536,41.07272799990369,10.985861999984081,32.394806000070275,87.03983699990658
1820,1780947875.262172,3.213555999991513,2.0841610000843502,42.91303499996957,4.443952999963585,33.42275600004996,82.86390500006746
1821,1780947875.34868,45.66636599997764,4.507840999963264,41.84895499997765,7.148079999979018,31.935376999967957,85.44025299988789
1822,1780947875.4315498,41.92793699996855,1.7795289999185115,41.225747999988016,4.829436000022724,34.71467099996062,82.54938399988987
1823,1780947875.5117824,44.06093099998998,3.9743019999605167,40.48198400005276,4.9652519999199285,30.52460899994003,79.94614699987324
1824,1780947875.6833797,46.52998300002764,1.9835859999375316,41.567509000060454,8.136955999930251,119.45258800005831,171.14063899998655
1825,1780947875.770586,2.593423000007533,4.881270000055338,41.5537310000218,9.518723999917711,30.83813000000646,86.7918550000013
1826,1780947875.8557546,42.457309999917925,1.7680100000916354,42.36634699998376,6.233740999959991,34.52157700007774,84.88967500011313
1827,1780947875.9405587,44.66054500005612,3.3820749999904365,40.471651000075326,5.692663999980141,34.9363389999553,84.4827290000012
1828,1780947876.02845,82.75008900000103,3.9381159999720694,41.369933000055426,5.04484499992941,37.21529699998882,87.56819099994573
1829,1780947876.1109364,42.80466299996988,1.8967329999668436,40.33466700002464,5.620664000048237,34.29659400001128,82.148658000051
1830,1780947876.20114,9.203833000015038,3.7071519999472002,41.50171100002353,12.528315999929873,32.048913999915385,89.78609299981599
1831,1780947876.289353,87.04013200008376,4.931843999997909,43.68170600002941,6.135610000001179,33.12995800001772,87.87911800004622
1832,1780947876.3741102,3.7497259999099697,3.341927999940708,41.40085899996393,5.9237209999309925,33.73277599996527,84.3992839998009
1833,1780947876.4588847,42.921200999899156,2.7774239999871497,41.45924800002376,8.356679000030454,31.804412999917986,84.39776399995935
1834,1780947876.548581,52.60790700003781,5.1806230000011055,42.33621599996695,10.723989999974037,30.978055999980825,89.21888499992292
1835,1780947876.6300764,75.91767600001731,1.7047140000840955,40.463111999997636,6.563390999986041,32.593305999967015,81.32452300003479
1836,1780947876.7152898,42.64268099996116,2.676071999985652,41.66860100008307,8.872294000070724,31.62672600001315,84.8436930001526
1837,1780947876.7998815,3.4364279999863356,1.6581400000177382,42.18740099997831,7.190358000002561,33.25255099991864,84.28844999991725
1838,1780947876.8856528,84.34026400004768,3.196075000005294,42.6234960000329,8.055639999952291,31.597670999985894,85.47288199997638
1839,1780947876.9695163,7.341451999991477,2.0104189999301525,41.71137899993482,7.969529000092734,31.9121359999599,83.60346299991761
1840,1780947877.053366,41.422561999979735,3.9041900000711394,41.168487000049936,5.804738000051657,32.6287880000109,83.50620300018363
1841,1780947877.1425416,84.05614899993452,1.9630110000434797,42.85384900003919,11.530569000001378,32.53130500002044,88.87873400010449
1842,1780947877.2279975,42.47115999999096,6.0449250000829124,43.28085099996315,5.744571000036558,28.94145099992329,84.01179800000591
1843,1780947877.3121648,46.05551499992089,4.504507999968155,41.29422800008342,7.320617999994283,30.536570999970536,83.6559250000164
1844,1780947877.4041398,51.98217999998178,4.513231000032647,49.09777399996074,6.903577999992194,31.20494500001314,91.71952799999872
1845,1780947877.4910855,90.87811599999895,3.4841509999523623,45.92512500005341,5.1415670000096725,32.094672999960494,86.64551599997594
1846,1780947877.5725274,40.76411300002292,2.360791999990397,41.752655999971466,5.799459999934697,31.22011199991448,81.13301999981104
1847,1780947877.6584728,43.160960999898634,5.575533000069299,41.054301000031046,8.04158500000085,30.86938799992822,85.54080700002942
1848,1780947877.750168,88.57182500003091,4.832305999912023,44.013929000016105,8.222808000027726,34.218629999941186,91.28767299989704
1849,1780947877.8342896,46.1280719999877,4.409026000075755,42.25614099993891,5.068252999990364,32.1448209999744,83.87824099997943
1850,1780947877.9224818,51.26167599996734,4.7662690000152,41.07543000009173,9.493277999922611,31.397650000030808,86.73262700006035
1851,1780947878.0069575,50.52385599992704,3.6286329999484224,40.15192399992884,8.214660000021468,32.08811699994385,84.08333399984258
1852,1780947878.0954688,75.71652499996162,2.3812740000721533,42.0224719999851,6.877799999983836,36.90164499994353,88.18319099998462
1853,1780947878.1894588,52.77190599997539,3.7068919999683203,43.13444199999594,6.9735790000322595,39.82369900006688,93.6386120000634
1854,1780947878.280372,49.3198859999211,4.908547000013641,41.30420799992862,9.404408000023068,34.394722999991245,90.01188599995658
1855,1780947878.3778179,4.357137000056355,3.830670999946051,48.57789999994111,13.364598000066508,31.289575000073455,97.06274400002712
1856,1780947878.4688928,4.801806000045872,3.7965969999049776,44.371207999915896,12.680520000003526,29.794121000009,90.6424459998334
1857,1780947878.6975608,62.836021999942204,1.9758820000106425,43.61390700000811,5.96894299997075,176.84410700007902,228.40283900006852
1858,1780947878.7784698,41.795710999963376,4.982843999982833,40.84270600003492,7.090765000043575,27.770146000079876,80.68646100014121
1859,1780947879.0053349,98.56097400006547,1.8174550000367162,40.88748399999531,6.8620220000639165,177.0911439999736,226.65810500006955
1860,1780947879.0862486,42.30073199994422,4.362839999998869,41.79193300001316,5.090214999995624,29.353210999943258,80.59819899995091
1861,1780947879.16701,2.1642909999854965,1.5896759999805,42.10102700005791,4.792918000021018,32.03848600003312,80.52210700009255
1862,1780947879.2548528,79.60526700003356,1.6617320000023028,41.152429000021584,9.822816999985662,34.98717000002216,87.62414800003171
1863,1780947879.3596976,46.47377499998129,4.98176999997213,46.89914799996586,8.764033000034033,43.43097899993609,104.07592999990811
1864,1780947879.4467475,44.53083799990054,4.2920810000168785,42.18819400000484,8.120140999949399,32.02669000006608,86.6271060000372
1865,1780947879.5298285,44.485818999987714,2.0799200000283236,40.638852000029146,8.672718000070745,31.34783400003016,82.73932400015838
1866,1780947879.614506,82.909471999983,3.174185000034413,40.88140900000781,4.897158000062518,35.42069200000242,84.37344400010716
1867,1780947879.7001426,47.566670999913185,4.162524999969719,43.171736999966015,5.009214999972755,32.25391299997682,84.59738999988531
1868,1780947879.7800028,44.26433600008295,2.131624000071497,43.08749599999828,4.885343000069042,29.43954499994561,79.54400800008443
1869,1780947879.8655493,78.5808169999882,1.6858809999575897,42.23339800000758,6.419204000053469,34.96496599996135,85.30344899997999
1870,1780947880.0117202,52.4602179999647,2.981055000077504,46.360495999920204,6.49661299996751,88.00115099995764,143.83931499992286
1871,1780947880.0968647,47.7732819999801,4.677712999978212,41.891877000011846,5.608477000009771,32.54124799991587,84.7193149999157
1872,1780947880.1799285,41.91306200004874,2.668146000019078,40.89629700001751,4.456692999951883,34.761835000040264,82.78297100002874
1873,1780947880.261384,82.29015300003084,1.752714000076594,41.07663100000991,4.2562840000073265,34.16375699998753,81.24938600008136
1874,1780947880.3593993,53.413241000043854,9.997521999935088,43.42118199997458,6.134350999900562,37.9708349998964,97.52388999970663
1875,1780947880.4439986,41.87126600004376,2.019641000060801,40.72798100003183,5.180956999993214,36.317769999982374,84.24634900006822
1876,1780947880.5286443,22.514872999977342,2.4585510000179056,41.57057899999472,7.5400079999781155,32.58015500000511,84.14929299999585
1877,1780947880.6142933,66.98654399997395,3.068999999982225,41.31065199999284,7.672231000015017,33.306623000044056,85.35850600003414
1878,1780947880.7039146,42.46595500001149,3.1424999999671854,42.04628499996943,8.938996999972915,35.024002999989534,89.15178499989906
1879,1780947880.8026276,43.86127700001907,11.074418000021069,45.858752000071945,9.43599999993694,31.98209599997881,98.35126600000876
1880,1780947880.8837547,43.730147000019315,2.8944800000090254,40.39645999989716,4.469823000022188,33.13910300005318,80.89986599998156
1881,1780947880.970045,81.941817000029,1.5172490000168182,44.197002000032626,5.214604999991934,35.106207000012546,86.03506300005392
1882,1780947881.0574696,1.1721740000893988,3.872763999993367,41.90982199997961,4.069006000008812,37.14484800002538,86.99644000000717
1883,1780947881.1498728,42.98014099992997,3.003146999958517,41.39105900003415,11.949106999963988,35.67735800004357,92.02067100000022
1884,1780947881.2363892,2.0104929999433807,3.410519999988537,42.469250000067404,5.200048999995488,35.235763000059706,86.31558200011114
1885,1780947881.3214886,83.40763799992601,2.3625689999562383,41.05981499992595,5.915295000022525,35.516819999998006,84.85449899990272
1886,1780947881.4137816,47.42083500002536,4.599859999984801,41.959098000006634,9.280147000026773,36.13337899992075,91.97248399993896
1887,1780947881.5064523,51.67995199997222,5.602698999950917,46.9632570000158,8.078047000026345,31.63903699999082,92.28303999998388
1888,1780947881.594344,53.42298100003973,6.57279799997923,41.89319099998556,8.323474999997416,30.783143999997264,87.57260799995947
1889,1780947881.684049,75.67739000000984,1.882808000004843,40.63925799994195,12.64122200007023,33.8869770000656,89.05026500008262
1890,1780947881.7727838,42.26535899999817,2.8716279999798644,40.921407000041654,6.403260000070077,38.245781000000534,88.44207600009213
1891,1780947881.867106,43.091679999974986,6.149424999989606,44.876541999997244,10.66608099995392,32.23631900004875,93.92836699998952
1892,1780947881.9537826,47.06020300000091,4.24867300000642,44.0180739999505,5.385606000004373,32.69187800003692,86.34423099999822
1893,1780947882.0379775,39.986216000102104,4.7436389999120365,40.53516400006174,3.0882959999871673,35.28205899999648,83.64915799995742
1894,1780947882.1244414,45.7481009999583,6.085813000026974,40.57207100004234,4.036782999946809,35.38600299998507,86.08067000000119
1895,1780947882.215542,46.68684800003575,3.081295000015416,44.41720500005886,10.157151999919733,32.90263700000651,90.55828900000051
1896,1780947882.3054147,5.056863000049816,2.038049000020692,43.71558899993033,8.016898999926525,35.837525000033565,89.60806199991111
1897,1780947882.390841,85.39901899996494,2.2601800000074945,41.06666600000608,6.890539999972134,34.82500000006894,85.04238600005465
1898,1780947882.4835129,44.58207599998332,5.345957000031376,41.80354100003569,7.294690999970044,37.93629699998746,92.38048600002458
1899,1780947882.5704744,48.657360000106564,4.122728000083953,43.855534999920565,4.020893999950204,34.71840700001394,86.71756399996866
1900,1780947882.6579046,44.59550299998227,5.051029000014751,43.6011450000251,6.086331999995309,31.788131000098474,86.52663700013363
1901,1780947882.7504642,89.52841300003911,4.658137999967948,41.49472500000684,14.043026999956965,32.06491000003098,92.26079999996273
1902,1780947882.8343158,45.543619000000035,2.753608999910284,42.378655999982584,3.860855999960222,34.57603599997583,83.56915699982892
1903,1780947882.9172947,41.27837200007889,3.5999099999344253,41.26094500009003,4.67147099993781,33.01863800004412,82.55096400000639
1904,1780947883.0098164,49.91075500004172,4.731972000058704,41.37766899998496,11.329659000011816,34.687388000065766,92.12668800012125
1905,1780947883.102357,90.86910600001374,2.370328999973026,41.743280999980925,11.518956000031721,36.596638999981224,92.2292049999669
1906,1780947883.192013,49.879272999987734,1.8875850000767969,48.69641400000546,5.159585000001243,33.51397400001588,89.25755800009938
1907,1780947883.2770934,43.883256000071924,2.2789020000573146,42.83315700001822,6.211183999994319,33.39756499997293,84.72080800004278
1908,1780947883.360859,55.694437000056496,3.1705929999361615,41.577168999992864,7.535987999972349,31.279387000040515,83.56313699994189
1909,1780947883.4549258,7.182782999962001,4.904918000079306,44.927336999990075,8.607013999949231,34.89014799993129,93.3294169999499
1910,1780947883.5462227,89.6787649999169,1.9287150000764086,49.87995800001954,5.953441999963616,33.22326800002884,90.9853830000884
1911,1780947883.6331818,45.31320899991442,2.3057539999626897,43.72023700000227,8.940904000041883,31.583461999957763,86.5503569999646
1912,1780947883.7191627,2.47418200001448,1.6893429999527143,40.99083200003406,6.757724999943093,36.28591500000766,85.72381499993753
1913,1780947883.8088465,46.199399999977686,5.821922999984963,42.02452400011225,9.608296999999766,31.79918600005749,89.25393000015447
1914,1780947883.8978636,90.82345600006647,4.888547000064136,43.11217800000122,8.06151000006139,32.702561000064634,88.76479600019138
1915,1780947883.987099,42.19759800002976,3.8132070000074236,42.22119099995325,8.056584000087241,34.818537000091965,88.90951900013988
1916,1780947884.0716736,46.21647299995857,2.5564219999978377,43.63151300003665,4.658471999960057,33.31426799991277,84.16067499990731
1917,1780947884.16345,5.05373300006795,4.901213999914944,44.91805800000748,8.243547999995826,33.208915000045636,91.27173499996388
1918,1780947884.2545636,83.64274600000954,2.9199059999882593,44.83878000007735,6.4540199999783,36.58549099998254,90.79819700002645
1919,1780947884.3589017,56.85779400005231,8.293901000001824,44.58609299990712,12.80733400005829,37.6360709999517,103.32339899991894
1920,1780947884.452972,45.287189999953625,2.3858289999907356,40.52203300000201,6.442906999950537,44.29873900005532,93.6495079999986
1921,1780947884.542596,48.58013500006564,5.385216000036053,43.23132499996518,6.796946999997999,33.57093700003588,88.98442500003512
1922,1780947884.6299217,42.86925000008068,5.1290479999579475,40.89264500009904,8.398938000027556,32.40352199998142,86.82415300006596
1923,1780947884.7224143,16.978375999997297,3.257704000020567,46.33665899996231,7.767082999976083,34.91140699998141,92.27285299994037
1924,1780947884.8097754,36.61891700005526,3.808058999993591,42.73378599998523,4.082949999997254,36.44356399991011,87.06835899988619
1925,1780947884.9017298,54.75465200004237,3.082389000041985,40.844403999926726,11.068528000009792,36.672749999979715,91.66807099995822
1926,1780947884.9917169,47.06732900001498,5.438938999986931,42.860508999979174,4.593119999981354,36.705769000036526,89.59833699998399
1927,1780947885.0756915,1.2968590000355107,1.9175669999640377,43.290511000009246,3.53474299993195,34.750035000001844,83.49285599990708
1928,1780947885.1638463,86.95393100003912,4.136969000001045,41.34862900002645,5.108973999995214,36.993510999991486,87.5880830000142
1929,1780947885.2537572,49.96223500006636,1.9103810000160593,43.83381000002373,9.860167999931946,34.00610500000312,89.61046399997485
1930,1780947885.3453302,47.55483099995672,5.552476999923783,42.09489199990912,8.93625499998052,34.33090300006825,90.91452699988167
1931,1780947885.4294035,1.626304999945205,1.6708239999161378,40.96045999995113,6.608557000049586,34.56127499998729,83.80111599990414
1932,1780947885.523899,93.98450799994862,3.213296000012633,41.53790700001991,15.068272999997134,34.277144000043336,94.09662000007302
1933,1780947885.6084461,2.372069999978521,2.258846999893649,41.70124200004466,6.069423999974788,34.10980900002869,84.13932199994179
1934,1780947885.7053728,48.463910999998916,4.631877999941025,44.46464600005129,10.354763999998795,36.888139999973646,96.33942799996476
1935,1780947885.7969978,46.56421499998942,4.286062000005586,41.3641480000706,7.070967000004202,38.44424199996865,91.16541900004904
1936,1780947886.1084852,42.58328399998845,2.1913649999305562,40.54938399997354,3.7011880000363817,264.7079409999833,311.1498779999238
1937,1780947886.2024457,44.76201800002855,7.159300000012081,41.350183999952606,7.3941719999766065,37.59503300000233,93.49868899994362
1938,1780947886.2964919,47.26484699995126,3.3095930000399676,43.53332599998794,3.7051140000130545,41.64525900000626,92.19329200004722
1939,1780947886.38449,47.40862599999218,5.5916430000024775,40.957699999921715,8.201510999924722,32.772466999972494,87.52332099982141
1940,1780947886.46524,81.8642890000092,1.7061029999467792,40.93827400004102,4.158042999961253,33.73808399999234,80.5405039999414
1941,1780947886.548318,41.89818599991213,4.088450000040211,41.84192700006406,3.380315999947925,33.40586000001622,82.71655300006842
1942,1780947886.642597,47.745813999995335,1.9401039999138447,44.248089000006985,9.012904000087474,38.76427900002,93.9653760000283
1943,1780947886.7228029,88.12428700002783,1.9948259999864604,40.65841999999975,3.567983999914759,33.71775100004015,79.93898099994112
1944,1780947886.8081365,43.679381999936595,1.5228060000254118,43.102693999912844,3.3842230000118434,36.702063999996426,84.71178699994653
1945,1780947886.8992426,47.195328000043446,2.379939999968883,43.01308200001586,10.173096000016812,33.73621399998683,89.30233199998838
1946,1780947886.987286,7.420394000064334,4.1290980000212585,44.211606999965625,5.504550000068775,33.98138199997902,87.82663700003468
1947,1780947887.0770977,87.17004000004636,4.434303000039108,41.775371000085215,10.44639399992775,32.918855999923835,89.57492399997591
1948,1780947887.1651325,42.488208000008854,1.7224919999989652,42.0813169999974,9.190757000055783,34.77803400005541,87.77260000010756
1949,1780947887.254423,47.12867900002493,2.9269049999811614,45.71163399998568,7.026096000004145,33.343822000006185,89.00845699997717
1950,1780947887.4725683,128.6728889999722,2.589625999917189,41.88257500004511,3.7049100000103863,168.9822150000282,217.15932600000087
1951,1780947887.6942537,120.60017700002845,2.0556230000465803,40.87592100006532,4.227134999950977,174.17578100003084,221.3344600000937
1952,1780947887.9605625,57.19738599998436,2.5392730000248775,40.67184600000928,4.117838000070151,218.45533299995168,265.784290000056
1953,1780947888.2211802,33.93284300000232,2.4856249999629654,41.295627000067725,7.895916000052239,208.34299300008752,260.02016100017045
1954,1780947888.60862,87.7743380000311,4.527156000108334,40.52749200002381,3.637260999994396,338.38211099998716,387.0740200001137
1955,1780947888.8263695,83.43636799997967,2.304160999983651,41.26336599995284,3.7797630000113713,170.0640139999905,217.41130399993835
1956,1780947889.0495675,138.10549699996955,2.1738829999549125,41.10336600001574,4.953953999915939,174.15477700001247,222.38597999989906
1957,1780947889.141829,8.646067999961815,8.778919999940626,42.96781999994437,8.366195999997217,31.699496000101135,91.81243199998335
1958,1780947889.228047,41.497866999975486,2.7614780000249084,40.5562700000246,5.633328000044457,36.93122999993648,85.88230600003044
1959,1780947889.314592,42.22581599992736,2.4061990000063815,42.55305900005624,8.504863999974077,32.87948500008042,86.34360700011712
1960,1780947889.397748,84.86683800003902,2.026399999977002,41.08916100005899,5.870700999935252,33.93554700005552,82.92180900002677
1961,1780947889.4829574,43.843899000080455,1.9638079999140245,43.75958399998581,8.39703000008285,30.7759539999779,84.89637599996058
1962,1780947889.5678384,10.350780999942799,1.9282519999705983,40.61267700001281,3.606538999974873,38.40020200004801,84.54767000000629
1963,1780947889.6577642,32.69442800001343,1.926011000023209,43.6008240000092,4.469914999958746,39.58981900007075,89.5865690000619
1964,1780947889.7472374,43.46087900000839,2.975814000024002,43.757787999993525,8.22415799996179,33.88713800006826,88.84489800004758
1965,1780947889.8402078,44.3676620000133,2.6402930000131164,43.86980699996457,8.545530999981565,37.43532500004676,92.49095600000601
1966,1780947889.9298942,1.453323000077944,2.639904000034221,42.014574000063476,11.168656999984705,33.45919100001993,89.28232600010233
1967,1780947890.0194783,93.78120400003809,3.794317999904706,45.98129999999401,4.651452999951289,34.676216999969256,89.10328799981926
1968,1780947890.1093557,47.723623999900155,5.259697000042252,42.70191000000523,6.033405000039238,35.608129000024746,89.60314100011146
1969,1780947890.2048101,44.393715999945016,7.056725999973423,43.258895000008124,5.289660000016738,39.43102099992757,95.03630199992585
1970,1780947890.3397217,45.19957299999078,7.067096000014317,42.70155899996553,12.828147000050194,71.88298400001258,134.47978600004262
1971,1780947890.4237232,42.57731699999567,3.0442580000453745,41.378162000000884,6.716557000004286,32.24620200001027,83.38517900006082
1972,1780947890.5127447,84.36918499990043,4.728009000018574,42.85885599995254,8.78392000004169,32.38683300003231,88.75761800004511
1973,1780947890.7529442,43.75932400000693,3.218648000029134,50.16815700003008,4.891398000040681,181.63440699993316,239.91261000003306
1974,1780947890.8350022,43.98630600007891,1.8087139999352075,40.653305999967415,4.233876000057535,35.03232900004605,81.7282250000062
1975,1780947890.9174838,30.623323000099845,2.205494000008912,42.110593000074914,5.487716000061482,32.35225899993566,82.15606200008096
1976,1780947891.0034332,57.63519900006031,2.9254429999809872,43.74610100001064,4.682342000023709,34.28200999996989,85.63589599998522
1977,1780947891.095416,48.59094300002198,5.188306999912129,43.74956399999519,6.8410200000244,35.81583299990143,91.59472399983315
1978,1780947891.1835566,45.403425000017705,4.066985999997996,43.88626899992687,8.163620000004812,31.650939999963157,87.76781499989283
1979,1780947891.2687764,57.21593700002359,2.3536610000292058,40.97773299997698,6.824020000067321,34.79353099999116,84.94894500006467
1980,1780947891.3580308,78.93783800000165,4.386877000001732,44.20069600007537,7.751563000056194,32.534443999907126,88.87358000004042
1981,1780947891.5952606,57.628012999998646,3.1272960000023886,41.81336699991789,4.214597999975922,187.57741900003566,236.73267999993186
1982,1780947891.6805155,1.5456749999884778,2.593439999941438,42.6706869999407,5.460068000047613,34.053934999974445,84.7781299999042
1983,1780947891.7671015,82.77941599999394,1.6630099999019876,42.697132000057536,7.558876000075543,34.42225100002361,86.34126900005867
1984,1780947891.8520505,44.05680599995776,2.2566610000467335,42.06125799998972,7.909934000053909,32.37877699996261,84.60663000005297
1985,1780947891.935542,42.88200300004519,3.260869999962779,40.5351750000591,4.380025000045862,35.002496000061,83.17856600012874
1986,1780947892.0255218,87.38345999995545,5.827422000038496,42.855298999938896,5.550104999997529,35.53483099994992,89.76765699992484
1987,1780947892.1189177,52.55479800007379,4.320283999959429,42.093164999982946,5.772588000013457,40.779046000011476,92.96508299996731
1988,1780947892.2506778,45.215811000048234,2.123735000054694,42.89981700003409,6.810779000034017,79.57359900001393,131.40793000013673
1989,1780947892.4673042,80.48640100003013,7.135243999982777,41.85771899994961,10.52365300006386,156.58468399999492,216.10129999999117
1990,1780947892.7177513,47.56788099996356,4.974231999995027,41.13621399994827,4.773582999973769,199.00992499992753,249.8939539998446
1991,1780947893.0315022,57.20578700004353,2.7149600000484497,41.5665140000101,4.022707999979502,265.1307989999623,313.43498100000033
1992,1780947893.5446892,98.33685199998854,2.325567999946543,41.686994999963645,5.188492000002043,463.6500279999609,512.8510829998731
1993,1780947893.8223455,52.101590999996006,2.76686699999118,41.38906700006828,7.874506999996811,225.0132350000058,277.0436760000621
1994,1780947894.0880635,39.81722399998944,4.592100999957438,43.34652299996833,7.09907700002077,210.42915099997117,265.4668519999177
1995,1780947894.1719952,1.2680810000347265,2.6231440000401562,42.3480339999287,3.4742049999749725,34.9161039999899,83.36148699993373
1996,1780947894.257823,46.34553900007177,1.7828810000537487,42.23857199997383,6.328182999936871,35.0979570000618,85.44759300002625
1997,1780947894.3532224,14.3617290000293,3.2431109999606633,42.1038290000979,13.761559000045054,35.930295000071055,95.03879400017468
1998,1780947894.64559,67.31339800001024,2.0755119999193994,42.05086699994354,8.203954000009617,239.73175800006175,292.0620909999343
1999,1780947894.7329345,46.328797999990456,5.368807999957426,41.69275300000663,4.403377000016917,35.201753999899665,86.66669199988064
2000,1780947894.8289404,3.7600209999482104,1.9608259999586153,44.441841999969256,7.022335999977258,41.3923999999497,94.81740399985483
2001,1780947894.91483,42.211978000068484,2.974017000042295,41.01950900007978,4.921064999962255,36.50246500001231,85.41705600009664
2002,1780947895.020282,67.84241900004417,7.3928560000240395,43.102131999944504,11.480361000053563,43.13794600000165,105.11329500002375
2003,1780947895.11678,57.47374899999613,1.8888060000108453,55.94529600000442,4.7015449999889825,30.651820000002772,93.18746700000702
2004,1780947895.2034748,50.19722700001239,4.502655000010236,40.65117300001475,4.7840080000014495,36.41226000002007,86.3500960000465
2005,1780947895.2852106,76.28291000003173,1.9558999999844673,41.85010499998043,3.6941320000778433,34.04130199999145,81.54143900003419
2006,1780947895.3743002,48.028176999991956,4.759914999908688,40.9034150000025,6.76803800001835,36.31094499996834,88.74231299989788
2007,1780947895.4608567,42.60964700006298,5.481715999962944,40.571802000044954,5.981274000077974,34.24230299992814,86.27709500001401
2008,1780947895.5576522,97.74706799998967,6.375128000058794,47.42071099997247,8.419233000040549,33.50150300002497,95.71657500009678
2009,1780947895.6506765,46.20811200004482,6.281979000050342,41.731549000019186,12.189253999963512,32.43914600000153,92.64192800003457
2010,1780947895.7379801,45.17862400007289,2.9383870000856405,42.589517000010346,6.266702000061741,35.2402160000338,87.03482200019153
2011,1780947895.822683,50.8773230000088,3.500964000068052,41.43897400001606,10.181519999946431,29.373498000040854,84.4949560000714
2012,1780947895.9135146,56.3357429999769,10.811004999936813,41.700642000023436,5.841959000008501,31.891233999999713,90.24483999996846
2013,1780947895.9991634,80.4900439999301,1.856788000054621,45.005825999965055,7.321911000076398,31.137230000013005,85.32175500010908
2014,1780947896.0883033,43.54713300006097,5.096195999954034,43.62552199995662,4.521117999956914,35.46458700009225,88.70742299995982
2015,1780947896.3985991,1.3258769999993092,231.07134899998982,41.7222150000498,5.070677000048818,32.07560500004547,309.9398460001339
2016,1780947896.480634,44.905733000064174,3.728260999992017,43.08003699998153,3.5278540000263092,31.24576800007617,81.58192000007602
2017,1780947896.5627203,35.43038400005116,2.476736000062374,41.78641900000457,8.056749000047603,29.503702000056364,81.82360600017091
2018,1780947896.6502047,50.59628399999383,2.3038829999677546,41.35482399999546,10.747393999963606,32.7182940000057,87.12439499993252
2019,1780947896.7339075,48.60127199992803,3.4948530000065148,42.571997999971245,6.192904999920756,30.842931999927714,83.10268799982623
2020,1780947896.8154097,45.23045700000239,3.5604270000249016,41.494195000041145,5.7697910000342745,30.465578000075766,81.28999100017609
2021,1780947896.8996482,82.68786999997246,2.910460999942188,44.750897999961126,5.297177999977976,30.989450999982182,83.94798799986347
2022,1780947897.1543028,62.262531999977,1.4297120000037467,43.93669000000955,6.586980999941261,202.3931480000556,254.34653100001015
2023,1780947897.2388327,40.94617299995207,1.9778450000558223,41.82421500001965,7.9778780000197,32.37984699990193,84.1597849999971
2024,1780947897.3240066,41.36750800000755,3.362389000017174,40.59196699995482,7.750783999995292,33.08290699999361,84.7880469999609
2025,1780947897.409012,83.53907700006857,1.8838629999891054,40.87613499996223,7.9987860000301225,33.9440040000909,84.70278800007236
2026,1780947897.4955962,47.723655000027065,4.469913999969322,41.06533999993189,8.159397999975226,32.531180999967546,86.22583299984399
2027,1780947897.5813715,44.01250500006881,1.6932500000166328,42.84827599997243,7.231243999967774,33.56239100003222,85.33516099998906
2028,1780947897.6676066,84.92228900001919,1.5288409999811847,42.781128000001445,7.226020999951288,34.373414000015146,85.90940399994906
2029,1780947897.7603066,51.76928899993527,2.8439600000638166,49.518757999976515,5.799735999971745,34.2445050000606,92.40695900007267
2030,1780947897.8430586,43.56363199997304,3.736299000024701,41.41878699999779,3.7903360000655084,33.519038999997974,82.46446100008598
2031,1780947897.9385996,46.632111999997505,5.120787999999266,40.484355999979016,5.491568000024927,44.2140059999474,95.31071799995061
2032,1780947898.015501,48.831586999995125,2.1296600000368926,41.00287699998262,3.4562230000574345,29.96955500009335,76.5583150001703
2033,1780947898.100543,46.85059400003411,5.424733999916498,42.07369699997798,3.74583600000733,33.37650000003123,84.62076699993304
2034,1780947898.3996642,87.7555439999469,4.118338000012045,42.22734600000422,5.459289999976136,247.08589199997277,298.8908659999652
2035,1780947898.4810307,45.350345000088055,5.448364000017136,41.17028500002107,6.077812000057747,28.28749099990091,80.98395199999686
2036,1780947898.7110846,62.26871699993808,1.6496759999427013,48.943068999960815,6.058886000005259,173.2042599999204,229.85589099982917
2037,1780947898.7962189,3.568909000023268,5.212085000039224,42.343716999994285,6.009903000062877,30.980376000002252,84.54608100009864
2038,1780947899.0154216,59.497867999994014,1.9712710000021616,41.629489999991165,4.721730000028401,170.54915200003506,218.8716430000568
2039,1780947899.0980504,1.626304999945205,1.8073989999720652,42.32838300004005,6.777686000077665,31.376045000001795,82.28951300009157
2040,1780947899.1777067,80.77022600002692,1.9356589999688367,42.19716000000062,5.035823999946842,30.25305699998171,79.42169999989801
2041,1780947899.258358,43.1694989999869,3.0566089999410906,41.215431999944485,6.926408999902378,29.10317999999279,80.30162999978074
2042,1780947899.343835,1.2503399999559406,2.921720000017558,40.82037500006663,6.970778999971117,34.33309799993367,85.04597199998898
2043,1780947899.4246635,81.89510200008954,2.08466000003682,41.442932999984805,4.57945200002996,32.269364000057976,80.37640900010956
2044,1780947899.6610637,69.51242299999194,2.4922359999663968,40.82094800003233,4.451209999956518,188.13911699999153,235.90351099994677
2045,1780947899.8465173,128.52861999999732,2.1091779999551363,43.86404000001676,6.353998000008687,132.349975000011,184.67719099999158
2046,1780947900.1649828,122.51012199999423,6.334757000104219,47.773783000025105,4.74750800003676,259.24180499998783,318.0978530001539
2047,1780947900.250937,43.4062949999543,5.3636779999806095,43.21512699993946,9.643313000083253,27.016334999984792,85.23845299998811
2048,1780947900.3656785,78.24422900000627,1.935862999971505,41.09220899999855,6.15433000007215,65.38923200002955,114.57163400007175
2049,1780947900.4467914,45.58188099997551,3.2967590000225755,41.25937599997087,8.43500899998162,27.06168700001399,80.05283099998906
2050,1780947900.5208008,74.46678199994494,1.625824000029752,41.21365399998922,2.5682180000785593,27.843136000001323,73.25083200009885
2051,1780947900.7549975,141.8029870000055,2.801847999990059,43.66372300000876,4.1938010000421855,183.18860500005485,233.84797700009585
2052,1780947900.839177,48.70215799996913,4.825897000046098,42.9409040000337,6.984928000065338,29.097067999941828,83.84879700008696
2053,1780947900.9302654,45.29147300002023,4.864507999968737,40.98270800000137,3.9428919999409118,40.76685500001531,90.55696299992633
2054,1780947901.0107017,43.48251799990521,2.9672759999357368,41.68189700010316,4.657489000010173,30.562705999955142,79.86936800000421
2055,1780947901.2413783,125.48376500001268,5.231065999964812,47.13135199995122,9.375330000011672,168.54339200006052,230.28113999998823
2056,1780947901.4401689,111.21888999991825,2.4021799999900395,40.954984999984845,5.317584999943392,149.54619399998137,198.22094399989965
2057,1780947901.5200183,44.48402200000601,3.1708879999996498,43.2258499999989,5.242398999939724,27.63978199993744,79.27891899987571
2058,1780947902.0826855,98.41093000000001,1.5391750000617321,42.21221499994954,6.1585890000515064,512.5315259999752,562.441505000038
2059,1780947902.298581,133.29145499994866,4.565654999964863,41.256837999981144,6.199866999963888,162.9996360001087,215.0219960000186
2060,1780947902.375727,41.29746800003886,3.8246870000193667,40.59648299994478,3.5045930000023873,28.983326000002307,76.90908899996884
2061,1780947902.4865427,87.60872199991354,3.3106299999872135,49.580290999983845,8.2963600000312,49.31164099991747,110.49892199991973
2062,1780947902.567254,43.395238000016434,2.956737999966208,40.67961199996262,4.463376999979118,32.250825000005534,80.35055199991348
2063,1780947902.6489863,82.88078800001131,1.6069899999138215,43.96044500003882,5.521103999967636,30.39853799998582,81.4870769999061
2064,1780947902.7280564,43.11516300003859,4.003688000011607,41.74848800005293,5.720790000054876,27.17662999998538,78.6495960001048
2065,1780947902.812808,81.1867050000501,1.6663979999975709,43.076496000026054,6.799036999950658,32.943348000003425,84.48527899997771
2066,1780947902.8969696,46.30451399998492,4.53341399997953,42.77977200001715,7.045020999953522,29.48414299999058,83.84234999994078
2067,1780947902.9854815,3.3119989999477184,2.8912200000377197,44.36115099997551,10.262223000040649,30.76211300003706,88.27670700009094
2068,1780947903.075075,53.535404000058406,3.101553999954376,41.31494799992197,8.288230999937696,36.61056999999346,89.3153029998075
2069,1780947903.1648104,85.54133799998453,4.954119999979412,43.531478999966566,8.008950999965236,32.9232909999746,89.41784099988581
2070,1780947903.2497582,46.99529399999847,4.167338000002019,42.065508000064256,6.596276999971451,31.798488000049474,84.6276110000872
2071,1780947903.3382037,5.0673800000140545,2.0888079999394904,41.94272999995974,10.363538000092376,33.82442600002378,88.21950200001538
2072,1780947903.4197035,52.60352799996326,2.6527369999485018,41.12320700005512,5.107082999984414,32.419028999925104,81.30205599991314
2073,1780947903.5107613,74.7440209999013,3.1812209999770857,44.26602000000912,5.852569000012409,37.49150200007989,90.7913120000785
2074,1780947903.6029239,47.09359100002075,3.2553319999806263,40.81118700003117,13.266757999986112,34.308929000076205,91.64220600007411
2075,1780947903.6845858,2.5191070000119,2.6570520000177567,42.21750900001098,5.827309999972385,30.604204000042046,81.30607500004317
